ts,event_id,home,away,book,sgp_price,independent_price,corr_factor,qb,qb_side,qb_point,qb_fair,qb_source,qb_n,qb_dual,qb_cand_books,qb_result,catcher,catcher_side,catcher_point,catcher_fair,catcher_source,catcher_n,catcher_dual,catcher_cand_books,catcher_result,same_direction,quality_both,one_dual,both_dual,ticket_result
2026-09-18 18:04:00+00:00,32633,ATL Falcons,CAR Panthers,draftkings,300.0,258.0,1.1163,Bryce Young,Under,215.5,0.5,bovada,4,False,,,Darren Waller,Over,18.5,0.5,pinnacle,7,False,,,False,False,False,False,
2026-09-18 18:04:00+00:00,32635,TB Buccaneers,CLE Browns,fanduel,226.0,252.0,0.926,Baker Mayfield,Under,210.5,0.4899,pinnacle,5,False,,,KC Concepcion,Over,32.5,0.5,pinnacle,6,False,,lost,False,True,False,False,lost
2026-09-18 18:04:00+00:00,32635,TB Buccaneers,CLE Browns,draftkings,355.0,254.0,1.2857,Deshaun Watson,Over,175.5,0.5,pinnacle,7,False,,won,Harold Fannin Jr.,Under,35.5,0.5,pinnacle,8,False,,,False,True,False,False,
2026-09-18 18:04:00+00:00,32637,CHI Bears,MIN Vikings,fanduel,181.0,252.0,0.7977,Caleb Williams,Over,226.5,0.5192,pinnacle,3,False,,,Kalif Raymond,Over,27.5,0.5,pinnacle,4,False,,,True,False,False,False,
2026-09-18 18:04:00+00:00,32642,LA Chargers,LV Raiders,draftkings,234.0,257.0,0.936,Kirk Cousins,Over,191.5,0.5,bovada,4,False,,,David Njoku,Over,24.5,0.4954,kalshi,6,False,,lost,True,False,False,False,lost
2026-09-18 18:04:00+00:00,32646,KC Chiefs,IND Colts,draftkings,236.0,252.0,0.9534,Daniel Jones,Under,216.5,0.5,bovada,2,False,,won,Tyquan Thornton,Under,15.5,0.5101,bovada,4,False,,lost,True,False,False,False,lost
2026-09-19 01:55:58+00:00,32633,ATL Falcons,CAR Panthers,fanduel,379.0,252.0,1.3618,Cooper Rush,Under,183.5,0.5122,pinnacle,4,False,,won,Drake London,Over,56.5,0.5,pinnacle,6,False,,lost,False,False,False,False,lost
2026-09-19 01:55:58+00:00,32633,ATL Falcons,CAR Panthers,draftkings,305.0,260.0,1.1256,Cooper Rush,Under,182.5,0.5,bovada,2,False,,,Jahan Dotson,Over,17.5,0.5,pinnacle,7,False,,lost,False,False,False,False,lost
2026-09-19 01:55:58+00:00,32639,BAL Ravens,NO Saints,fanduel,225.0,252.0,0.9251,Tyler Shough,Under,231.5,0.502,pinnacle,4,False,,lost,Derrick Henry,Under,6.5,0.5,pinnacle,7,False,,lost,True,False,False,False,lost
2026-09-19 01:55:58+00:00,32643,SF 49ers,MIA Dolphins,draftkings,320.0,257.0,1.1771,Brock Purdy,Under,238.5,0.496,pinnacle,6,False,,lost,Demarcus Robinson,Over,25.5,0.5,pinnacle,7,False,,,False,True,False,False,lost
2026-09-19 09:50:22+00:00,32639,BAL Ravens,NO Saints,fanduel,225.0,252.0,0.9248,Tyler Shough,Under,231.5,0.502,pinnacle,6,False,,lost,Derrick Henry,Under,6.5,0.5,pinnacle,7,False,,lost,True,True,False,False,lost
2026-09-19 09:50:22+00:00,32641,DEN Broncos,JAX Jaguars,draftkings,242.0,252.0,0.9705,Bo Nix,Under,220.5,0.4808,pinnacle,8,False,,lost,Brenton Strange,Over,30.5,0.5101,bovada,6,False,,lost,False,False,False,False,lost
2026-09-19 19:41:45+00:00,32633,ATL Falcons,CAR Panthers,fanduel,380.0,255.0,1.3524,Cooper Rush,Under,183.5,0.5084,pinnacle,4,False,,won,Drake London,Over,56.5,0.5,pinnacle,4,False,,lost,False,False,False,False,lost
2026-09-19 19:41:45+00:00,32639,BAL Ravens,NO Saints,fanduel,222.0,255.0,0.9088,Lamar Jackson,Under,213.5,0.5404,pinnacle,5,False,,,Noah Fant,Under,14.5,0.5,pinnacle,5,False,,void,True,True,False,False,reduced_or_void
2026-09-20 14:59:11+00:00,32634,TEN Titans,PHI Eagles,fanduel,228.0,255.0,0.9245,Cam Ward,Over,185.5,0.5,pinnacle,5,False,,lost,Makai Lemon,Under,26.5,0.5412,pinnacle,5,False,,won,False,True,False,False,lost
2026-09-20 14:59:11+00:00,32634,TEN Titans,PHI Eagles,fanduel,230.0,255.0,0.9303,Jalen Hurts,Over,206.5,0.513,pinnacle,5,False,,won,Gunnar Helm,Over,22.5,0.5,pinnacle,8,False,,lost,True,True,False,False,lost
2026-09-20 14:59:11+00:00,32640,HOU Texans,CIN Bengals,draftkings,244.0,265.0,0.9433,Joe Burrow,Under,248.5,0.5,bovada,4,False,,,Woody Marks,Under,10.5,0.5,pinnacle,8,False,,lost,True,False,False,False,lost
2026-09-20 19:53:56+00:00,32642,LA Chargers,LV Raiders,fanduel,179.0,255.0,0.7855,Justin Herbert,Over,223.5,0.5183,pinnacle,6,False,,lost,Tre Harris,Over,30.5,0.5,bovada,5,False,,,True,False,False,False,lost
2026-09-21 11:15:41+00:00,32648,GB Packers,ATL Falcons,draftkings,236.0,257.0,0.9416,Michael Penix Jr.,Under,200.5,0.5,bovada,2,False,,,Matthew Golden,Over,50.5,0.5,bovada,3,False,,,False,False,False,False,
2026-09-21 11:15:41+00:00,32648,GB Packers,ATL Falcons,draftkings,380.0,261.0,1.3283,Jordan Love,Over,233.5,0.5,bovada,2,False,,,Christian Watson,Under,65.5,0.5,bovada,3,False,,,False,False,False,False,
2026-09-21 17:17:25+00:00,32647,LA Rams,NY Giants,draftkings,210.0,263.0,0.8541,Matthew Stafford,Under,239.5,0.5,bovada,4,False,,lost,Konata Mumpfield,Under,14.5,0.5,pinnacle,6,False,,won,True,False,False,False,lost
2026-09-21 21:17:59+00:00,32647,LA Rams,NY Giants,fanduel,225.0,255.0,0.9172,Matthew Stafford,Over,238.5,0.4978,pinnacle,6,False,,,Darnell Mooney,Over,19.5,0.5,pinnacle,6,False,,won,True,True,False,False,
2026-09-21 21:17:59+00:00,32648,GB Packers,ATL Falcons,draftkings,242.0,260.0,0.9505,Michael Penix Jr.,Under,206.5,0.5,bovada,2,False,,,Tucker Kraft,Over,46.5,0.5,bovada,5,False,,lost,False,False,False,False,lost
2026-09-22 20:34:36+00:00,32655,BUF Bills,LA Chargers,draftkings,240.0,261.0,0.9409,Josh Allen,Over,242.5,0.5,bovada,2,False,,,Ladd McConkey,Over,54.5,0.4812,kalshi,2,False,,won,True,False,False,False,
2026-09-23 02:05:21+00:00,32655,BUF Bills,LA Chargers,draftkings,246.0,260.0,0.9616,Josh Allen,Over,242.5,0.5,bovada,2,False,,,Quentin Johnston,Under,35.5,0.5,pinnacle,7,False,,lost,False,False,False,False,lost
2026-09-23 02:05:21+00:00,23215,Dallas Cowboys,Baltimore Ravens,fanduel,371.0,252.0,1.339,Dak Prescott,Over,263.5,0.502,pinnacle,4,False,,,CeeDee Lamb,Under,84.5,0.5,pinnacle,6,False,,lost,False,False,False,False,lost
2026-09-23 10:22:25+00:00,32649,PIT Steelers,CIN Bengals,draftkings,240.0,263.0,0.9368,Joe Burrow,Under,249.5,0.4802,kalshi,4,False,,lost,Pat Freiermuth,Over,34.5,0.4954,kalshi,5,False,,lost,False,False,False,False,lost
2026-09-23 10:22:25+00:00,32649,PIT Steelers,CIN Bengals,draftkings,248.0,263.0,0.9588,Joe Burrow,Over,249.5,0.5198,kalshi,4,False,,won,Pat Freiermuth,Over,34.5,0.4954,kalshi,5,False,,lost,True,False,False,False,lost
2026-09-23 10:22:25+00:00,32649,PIT Steelers,CIN Bengals,draftkings,232.0,254.0,0.9382,Joe Burrow,Over,249.5,0.5198,kalshi,4,False,,won,Pat Freiermuth,Under,34.5,0.5046,kalshi,5,False,,won,False,False,False,False,won
2026-09-23 10:22:25+00:00,32651,JAX Jaguars,NE Patriots,draftkings,236.0,254.0,0.9496,Trevor Lawrence,Over,224.5,0.4852,kalshi,3,False,,lost,Rhamondre Stevenson,Under,14.5,0.5,kalshi,6,False,,lost,False,False,False,False,lost
2026-09-24 01:53:27+00:00,32648,GB Packers,ATL Falcons,fanduel,399.0,255.0,1.4064,Michael Penix Jr.,Under,205.5,0.5,bovada,5,False,,,Drake London,Over,65.5,0.5084,pinnacle,9,False,,,False,False,False,False,
2026-09-24 01:53:27+00:00,32649,PIT Steelers,CIN Bengals,draftkings,164.0,255.0,0.743,Aaron Rodgers,Over,219.5,0.5,bovada,3,False,,,DK Metcalf,Over,50.5,0.5,bovada,3,False,,,True,False,False,False,
2026-09-24 01:53:27+00:00,32660,NO Saints,LV Raiders,fanduel,238.0,252.0,0.9609,Kirk Cousins,Over,211.5,0.502,pinnacle,6,False,,won,Chris Olave,Under,79.5,0.5054,kalshi,6,False,,lost,False,False,False,False,lost
2026-09-24 01:53:27+00:00,32660,NO Saints,LV Raiders,fanduel,214.0,252.0,0.8929,Kirk Cousins,Under,211.5,0.498,pinnacle,6,False,,lost,Chris Olave,Under,79.5,0.5054,kalshi,6,False,,lost,True,False,False,False,lost
2026-09-24 01:53:27+00:00,32660,NO Saints,LV Raiders,draftkings,178.0,255.0,0.7824,Tyler Shough,Under,253.5,0.5,bovada,2,False,,,Devaughn Vele,Under,49.5,0.514,kalshi,4,False,,won,True,False,False,False,
2026-09-24 10:38:05+00:00,32648,GB Packers,ATL Falcons,fanduel,147.0,255.0,0.6956,Michael Penix Jr.,Under,205.5,0.5,bovada,5,False,,,Drake London,Under,65.5,0.5084,pinnacle,8,False,,,True,False,False,False,
2026-09-24 10:38:05+00:00,32651,JAX Jaguars,NE Patriots,draftkings,244.0,263.0,0.9479,Drake Maye,Over,218.5,0.5,bovada,3,False,,,Jakobi Meyers,Under,34.5,0.5,pinnacle,9,False,,lost,False,False,False,False,lost
2026-09-24 10:38:05+00:00,32652,WAS Commanders,SEA Seahawks,draftkings,250.0,264.0,0.9603,Marcus Mariota,Over,172.5,0.5,pinnacle,6,False,,,Rashid Shaheed,Under,25.5,0.4899,bovada,3,False,,,False,False,False,False,
2026-09-24 10:38:05+00:00,32659,SF 49ers,ARI Cardinals,fanduel,231.0,252.0,0.9405,Brock Purdy,Under,237.5,0.5,pinnacle,4,False,,,Trey McBride,Over,67.5,0.5,pinnacle,4,False,,won,False,False,False,False,
2026-09-24 10:38:05+00:00,32658,TB Buccaneers,MIN Vikings,draftkings,178.0,254.0,0.7856,Kyler Murray,Over,208.5,0.5,bovada,3,False,,,Jordan Addison,Over,34.5,0.5101,bovada,3,False,,,True,False,False,False,
2026-09-24 16:01:08+00:00,32649,PIT Steelers,CIN Bengals,draftkings,164.0,255.0,0.743,Aaron Rodgers,Under,221.5,0.5,bovada,3,False,,,DK Metcalf,Under,52.5,0.5,pinnacle,5,False,,won,True,False,False,False,
2026-09-24 16:01:08+00:00,32651,JAX Jaguars,NE Patriots,draftkings,242.0,263.0,0.9424,Drake Maye,Under,218.5,0.5,bovada,3,False,,,Jakobi Meyers,Over,35.5,0.5,bovada,3,False,,,False,False,False,False,
2026-09-24 16:01:08+00:00,32657,CLE Browns,CAR Panthers,draftkings,176.0,260.0,0.7671,Deshaun Watson,Under,189.5,0.5,bovada,3,False,,,Harold Fannin Jr.,Under,37.5,0.5,pinnacle,5,False,,lost,True,False,False,False,lost
2026-09-24 16:01:08+00:00,32662,CHI Bears,PHI Eagles,fanduel,163.0,252.0,0.7486,Jalen Hurts,Over,218.5,0.5,pinnacle,3,False,,,Dontayvion Wicks,Over,41.5,0.5,pinnacle,4,False,,lost,True,False,False,False,lost
2026-09-24 20:51:37+00:00,32649,PIT Steelers,CIN Bengals,draftkings,242.0,263.0,0.9424,Aaron Rodgers,Under,219.5,0.5,bovada,3,False,,,Mike Gesicki,Under,23.5,0.5,pinnacle,6,False,,lost,True,False,False,False,lost
2026-09-24 20:51:37+00:00,32656,DET Lions,NY Jets,draftkings,236.0,261.0,0.9299,Jared Goff,Over,259.5,0.5,bovada,3,False,,,Garrett Wilson,Over,67.5,0.5,bovada,2,False,,,True,False,False,False,
2026-09-24 20:51:37+00:00,32652,WAS Commanders,SEA Seahawks,draftkings,234.0,257.0,0.9361,Marcus Mariota,Over,171.5,0.5,bovada,2,False,,,Jaxon Smith-Njigba,Over,92.5,0.5,bovada,2,False,,,True,False,False,False,
2026-09-24 20:51:37+00:00,32652,WAS Commanders,SEA Seahawks,draftkings,164.0,257.0,0.7399,Marcus Mariota,Under,171.5,0.5,bovada,2,False,,,Terry McLaurin,Under,41.5,0.5,bovada,3,False,,,True,False,False,False,
2026-09-24 20:51:37+00:00,32657,CLE Browns,CAR Panthers,draftkings,172.0,257.0,0.7623,Deshaun Watson,Over,190.5,0.504,pinnacle,8,False,,,Harold Fannin Jr.,Over,37.5,0.5,pinnacle,4,False,,won,True,False,False,False,
2026-09-25 02:09:58+00:00,32656,DET Lions,NY Jets,draftkings,234.0,257.0,0.936,Jared Goff,Under,258.5,0.5,pinnacle,7,False,,lost,Breece Hall,Over,21.5,0.5,pinnacle,8,False,,won,False,True,False,False,lost
2026-09-25 02:09:58+00:00,32652,WAS Commanders,SEA Seahawks,draftkings,240.0,255.0,0.9567,Marcus Mariota,Over,169.5,0.5,bovada,2,False,,,Rashid Shaheed,Under,26.5,0.4808,pinnacle,7,False,,,False,False,False,False,
2026-09-25 02:09:58+00:00,32660,NO Saints,LV Raiders,draftkings,242.0,263.0,0.9424,Kirk Cousins,Over,212.5,0.5,bovada,3,False,,,Juwan Johnson,Over,35.5,0.5,pinnacle,9,False,,won,True,False,False,False,
2026-09-25 10:41:48+00:00,32653,NY Giants,TEN Titans,draftkings,228.0,248.0,0.9416,Jameis Winston,Under,206.5,0.502,pinnacle,7,False,,,Tony Pollard,Over,5.5,0.5101,bovada,2,False,,,False,False,False,False,
2026-09-25 16:01:30+00:00,32656,DET Lions,NY Jets,fanduel,294.0,252.0,1.1189,Geno Smith,Over,223.5,0.5,pinnacle,5,False,,,Kenyon Sadiq,Under,25.5,0.5,pinnacle,8,False,,,False,True,False,False,
2026-09-25 16:01:30+00:00,32659,SF 49ers,ARI Cardinals,draftkings,236.0,261.0,0.9298,Brock Purdy,Over,236.5,0.5,bovada,3,False,,,Marvin Harrison Jr.,Over,31.5,0.5,bovada,2,False,,,True,False,False,False,
2026-09-25 20:48:47+00:00,32650,MIA Dolphins,KC Chiefs,draftkings,234.0,254.0,0.9438,Malik Willis,Under,179.5,0.5,bovada,2,False,,,Xavier Worthy,Under,38.5,0.5101,bovada,2,False,,won,True,False,False,False,
2026-09-26 02:15:28+00:00,32650,MIA Dolphins,KC Chiefs,draftkings,186.0,252.0,0.8116,Malik Willis,Over,179.5,0.5,bovada,2,False,,,Kevin Coleman Jr.,Over,16.5,0.5,bovada,2,False,,,True,False,False,False,
2026-09-26 10:24:54+00:00,32657,CLE Browns,CAR Panthers,fanduel,217.0,252.0,0.9006,Bryce Young,Over,223.5,0.4779,pinnacle,6,False,,won,Jerry Jeudy,Over,20.5,0.5,pinnacle,6,False,,void,True,True,False,False,reduced_or_void
2026-09-26 15:13:44+00:00,32662,CHI Bears,PHI Eagles,draftkings,182.0,258.0,0.7871,Case Keenum,Over,165.5,0.5,bovada,3,False,,,Kalif Raymond,Over,25.5,0.5,bovada,3,False,,,True,False,False,False,
2026-09-26 20:16:58+00:00,32650,MIA Dolphins,KC Chiefs,fanduel,225.0,255.0,0.9149,Patrick Mahomes,Over,235.5,0.5042,pinnacle,6,False,,won,De'Von Achane,Over,26.5,0.5,pinnacle,6,False,,lost,True,True,False,False,lost
2026-09-26 20:16:58+00:00,32650,MIA Dolphins,KC Chiefs,draftkings,192.0,254.0,0.8252,Malik Willis,Over,177.5,0.4728,pinnacle,6,False,,,Kevin Coleman Jr.,Over,15.5,0.5,bovada,3,False,,,True,False,False,False,
2026-09-26 20:16:58+00:00,32657,CLE Browns,CAR Panthers,fanduel,233.0,255.0,0.9373,Bryce Young,Under,223.5,0.5221,pinnacle,6,False,,lost,Jerry Jeudy,Over,20.5,0.5,pinnacle,6,False,,void,False,True,False,False,lost
2026-09-26 20:16:58+00:00,32658,TB Buccaneers,MIN Vikings,draftkings,240.0,260.0,0.9449,Kyler Murray,Under,208.5,0.5,bovada,4,False,,,Ted Hurst,Over,23.5,0.5,bovada,4,False,,,False,False,False,False,
2026-09-26 20:16:58+00:00,32662,CHI Bears,PHI Eagles,fanduel,270.0,252.0,1.0511,Jalen Hurts,Over,218.5,0.5,pinnacle,7,False,,,Zach Ertz,Under,10.5,0.5,pinnacle,6,False,,won,False,True,False,False,
2026-09-26 20:16:58+00:00,32662,CHI Bears,PHI Eagles,fanduel,212.0,252.0,0.8874,Tyson Bagent,Under,175.5,0.5,pinnacle,4,False,,void,DeVonta Smith,Under,72.5,0.5021,pinnacle,4,False,,,True,False,False,False,reduced_or_void
2026-09-27 10:56:13+00:00,32649,PIT Steelers,CIN Bengals,draftkings,240.0,254.0,0.9609,Aaron Rodgers,Under,221.5,0.5,bovada,3,False,,,Chase Brown,Under,23.5,0.5,bovada,3,False,,,True,False,False,False,
2026-09-27 15:54:20+00:00,32653,NY Giants,TEN Titans,fanduel,150.0,255.0,0.7063,Jameis Winston,Under,200.5,0.5248,pinnacle,5,False,,won,Malik Nabers,Under,52.5,0.5,pinnacle,6,False,,won,True,True,False,False,won
2026-09-29 11:41:48+00:00,32670,Cincinnati Bengals,Jacksonville Jaguars,draftkings,184.0,261.0,0.7859,Trevor Lawrence,Under,264.5,0.5,bovada,3,False,,,Jakobi Meyers,Under,39.5,0.5,bovada,4,False,,,True,False,False,False,
2026-09-29 17:08:25+00:00,24886,Washington Commanders,Indianapolis Colts,draftkings,238.0,257.0,0.9473,Marcus Mariota,Over,213.5,0.5,bovada,3,False,,,Tyler Warren,Over,47.5,0.5,bovada,3,False,,,True,False,False,False,
2026-09-29 17:08:25+00:00,32670,Cincinnati Bengals,Jacksonville Jaguars,draftkings,186.0,260.0,0.7948,Trevor Lawrence,Over,263.5,0.5,bovada,3,False,,,Jakobi Meyers,Over,40.5,0.5,bovada,8,False,,,True,False,False,False,
