archetype,pos,train_n,val_n,train_corr,val_corr,train_oo_lift,val_oo_lift,train_uu_lift,val_uu_lift,rho_cons
ATTEMPTS__RECEPTIONS,RB,1530,354,0.26414397261800127,0.31968509872004014,1.2728814134083897,1.3385197096788213,1.1784175357522013,1.202508492291612,0.22452237672530106
ATTEMPTS__RECEPTIONS,TE,1846,529,0.2510634548421578,0.3710406061154473,1.198696571731275,1.2657307198656294,1.1833333333333331,1.2649272100710318,0.21340393661583412
ATTEMPTS__RECEPTIONS,WR,5251,1301,0.2529339620150586,0.24847805078455135,1.1718227215338635,1.1997474302496332,1.161398013864355,1.1459206198060943,0.21120634316686865
COMPLETIONS__RECEPTIONS,RB,1530,354,0.31656589887663167,0.38567119749086265,1.3503197854342894,1.323392279581636,1.2233475479744134,1.1983486996009358,0.2690810140451369
COMPLETIONS__RECEPTIONS,TE,1846,529,0.30203990353052657,0.4406408681805904,1.2327636100194674,1.3704247969943035,1.193823877068558,1.3609261501210654,0.2567339180009476
COMPLETIONS__RECEPTIONS,WR,5251,1301,0.31676060831981656,0.3035695909643463,1.2249924548354187,1.2253185595567868,1.208160378055084,1.1985913858720876,0.25803415231969434
PASS_TD__RECEPTIONS,RB,1530,354,0.050918040134247215,0.04843753858457597,1.0863490609253321,1.0711534934898221,1.0563508985683825,1.0591595267237863,0.041171907796889576
PASS_TD__RECEPTIONS,TE,1846,529,0.0660461516237913,0.15526816237277422,1.0461028705911497,1.1328452457216072,1.0254222972972973,1.1189694915254236,0.056139228880222596
PASS_TD__RECEPTIONS,WR,5251,1301,0.12237700199706938,0.12574099245800768,1.1154168285103905,1.1473044925124793,1.0771828262339418,1.0808746626180838,0.10402045169750898
PASS_TD__REC_TD,RB,1530,354,0.2253526635871282,0.2844313275573169,1.4445928518791453,1.4768934531450577,1.1551256340686564,1.217750257997936,0.19154976404905896
PASS_TD__REC_TD,TE,1846,529,0.35579410894895036,0.39303318107615504,1.5047710381203547,1.619387755102041,1.1811527436527438,1.1795270270270268,0.3024249926066078
PASS_TD__REC_TD,WR,5251,1301,0.36077591890612826,0.35584523784501476,1.5027397207177406,1.5432397616875102,1.1850463017538346,1.185003780848285,0.3024684521682625
PASS_YDS__RECEPTIONS,RB,1530,354,0.1446758233183319,0.20034528978611205,1.1341304129408218,1.166342823350511,1.0941882171832007,1.11021926910299,0.12297444982058212
PASS_YDS__RECEPTIONS,TE,1846,529,0.21177221363007115,0.3324678256540818,1.1623560261514159,1.190231402634334,1.1232101616628174,1.178190222720269,0.18000638158556048
PASS_YDS__RECEPTIONS,WR,5251,1301,0.2815423367091924,0.2858422453473944,1.2067477706027063,1.2308215767634856,1.1783376478496546,1.1798633954678364,0.23931098620281352
PASS_YDS__REC_YDS,RB,1530,354,0.2132820843406683,0.3081021891363511,1.174488847583643,1.247191011235955,1.108784752623498,1.1314285714285715,0.18128977168956806
PASS_YDS__REC_YDS,TE,1846,529,0.2575189464085739,0.37792216725345207,1.2003317686090424,1.2486231313926044,1.151867703455728,1.2019212882995403,0.21889110444728782
PASS_YDS__REC_YDS,WR,5251,1301,0.357930330625304,0.36545093218274705,1.266800766283525,1.298198055862763,1.2210062852949624,1.2322639235677626,0.30424078103150837
