variant,date,benchmark_reason,cutoff,timing_bucket,decision,selection_key,legs,book,price,fair_joint_prob,model_edge_pct,resolution,pnl,brier,avg_ev_vs_close,qualified_legs,valid_pairs
OFF_V1,2026-09-20,development-aligned,2026-09-20T10:11:49Z,T-8_to_4h,play,32637|player_receptions|Justin Jefferson|6.5|Under||32639|player_pass_interceptions|Tyler Shough|0.5|Under,"[{""event_id"":""32637"",""market"":""player_receptions"",""player"":""Justin Jefferson"",""point"":""6.5"",""side"":""Under"",""fair_prob"":0.5444,""persistence"":""""},{""event_id"":""32639"",""market"":""player_pass_interceptions"",""player"":""Tyler Shough"",""point"":""0.5"",""side"":""Under"",""fair_prob"":0.5169,""persistence"":""""}]",draftkings,293,0.2814,10.559,won,14.64,0.5163854426081296,5.5423,4,5
OFF_V2,2026-09-20,development-aligned,2026-09-20T10:11:49Z,T-8_to_4h,play,32637|player_receptions|Justin Jefferson|6.5|Under||32639|player_pass_interceptions|Tyler Shough|0.5|Under,"[{""event_id"":""32637"",""market"":""player_receptions"",""player"":""Justin Jefferson"",""point"":""6.5"",""side"":""Under"",""fair_prob"":0.5444,""persistence"":""""},{""event_id"":""32639"",""market"":""player_pass_interceptions"",""player"":""Tyler Shough"",""point"":""0.5"",""side"":""Under"",""fair_prob"":0.5169,""persistence"":""""}]",draftkings,293,0.2814,10.559,won,14.64,0.5163854426081296,5.5423,4,5
OFF_V3,2026-09-20,development-aligned,2026-09-20T10:11:49Z,T-8_to_4h,play,32637|player_receptions|Justin Jefferson|6.5|Under||32639|player_pass_interceptions|Tyler Shough|0.5|Under,"[{""event_id"":""32637"",""market"":""player_receptions"",""player"":""Justin Jefferson"",""point"":""6.5"",""side"":""Under"",""fair_prob"":0.5444,""persistence"":""""},{""event_id"":""32639"",""market"":""player_pass_interceptions"",""player"":""Tyler Shough"",""point"":""0.5"",""side"":""Under"",""fair_prob"":0.5169,""persistence"":""""}]",draftkings,293,0.2814,10.559,won,14.64,0.5163854426081296,5.5423,5,9
OFF_V4,2026-09-20,development-aligned,2026-09-20T10:11:49Z,T-8_to_4h,play,32633|player_rush_attempts|Chuba Hubbard|13.5|Over||32637|player_receptions|Justin Jefferson|6.5|Under,"[{""event_id"":""32633"",""market"":""player_rush_attempts"",""player"":""Chuba Hubbard"",""point"":""13.5"",""side"":""Over"",""fair_prob"":0.5364,""persistence"":""""},{""event_id"":""32637"",""market"":""player_receptions"",""player"":""Justin Jefferson"",""point"":""6.5"",""side"":""Under"",""fair_prob"":0.5444,""persistence"":""""}]",draftkings,274,0.292016,9.297,lost,-5.0,0.08527343770114558,4.2992,6,13
OFF_V5,2026-09-20,development-aligned,2026-09-20T10:11:49Z,T-8_to_4h,play,32633|player_rush_attempts|Chuba Hubbard|13.5|Over||32637|player_receptions|Justin Jefferson|6.5|Under,"[{""event_id"":""32633"",""market"":""player_rush_attempts"",""player"":""Chuba Hubbard"",""point"":""13.5"",""side"":""Over"",""fair_prob"":0.5364,""persistence"":""""},{""event_id"":""32637"",""market"":""player_receptions"",""player"":""Justin Jefferson"",""point"":""6.5"",""side"":""Under"",""fair_prob"":0.5444,""persistence"":""""}]",draftkings,274,0.292016,9.297,lost,-5.0,0.08527343770114558,4.2992,7,19
OFF_V6,2026-09-20,development-aligned,2026-09-20T10:11:49Z,T-8_to_4h,play,32637|player_pass_completions|Caleb Williams|19.5|Under||32639|player_pass_interceptions|Tyler Shough|0.5|Under,"[{""event_id"":""32637"",""market"":""player_pass_completions"",""player"":""Caleb Williams"",""point"":""19.5"",""side"":""Under"",""fair_prob"":0.5424,""persistence"":""""},{""event_id"":""32639"",""market"":""player_pass_interceptions"",""player"":""Tyler Shough"",""point"":""0.5"",""side"":""Under"",""fair_prob"":0.5169,""persistence"":""""}]",draftkings,293,0.280367,10.153,won,14.64,0.5178722879662335,7.3386,4,6
OFF_V8,2026-09-20,development-aligned,2026-09-20T10:11:49Z,T-8_to_4h,play,32637|player_receptions|Justin Jefferson|6.5|Under||32639|player_pass_interceptions|Tyler Shough|0.5|Under,"[{""event_id"":""32637"",""market"":""player_receptions"",""player"":""Justin Jefferson"",""point"":""6.5"",""side"":""Under"",""fair_prob"":0.5444,""persistence"":""""},{""event_id"":""32639"",""market"":""player_pass_interceptions"",""player"":""Tyler Shough"",""point"":""0.5"",""side"":""Under"",""fair_prob"":0.5169,""persistence"":""""}]",draftkings,293,0.2814,10.559,won,14.64,0.5163854426081296,5.5423,5,9
OFF_V8_2,2026-09-20,development-aligned,2026-09-20T10:11:49Z,T-8_to_4h,play,32633|player_rush_yds|Cooper Rush|0.5|Over||32643|player_receptions|Malik Washington|3.5|Over,"[{""event_id"":""32633"",""market"":""player_rush_yds"",""player"":""Cooper Rush"",""point"":""0.5"",""side"":""Over"",""fair_prob"":0.449,""persistence"":""""},{""event_id"":""32643"",""market"":""player_receptions"",""player"":""Malik Washington"",""point"":""3.5"",""side"":""Over"",""fair_prob"":0.4916,""persistence"":""""}]",bovada,383,0.220728,6.612,won,19.15,0.6072642265665599,2.1979,5,9
A_MIN4,2026-09-20,development-aligned,2026-09-20T10:11:49Z,T-8_to_4h,play,32637|player_receptions|Justin Jefferson|6.5|Under||32639|player_pass_interceptions|Tyler Shough|0.5|Under,"[{""event_id"":""32637"",""market"":""player_receptions"",""player"":""Justin Jefferson"",""point"":""6.5"",""side"":""Under"",""fair_prob"":0.5444,""persistence"":1},{""event_id"":""32639"",""market"":""player_pass_interceptions"",""player"":""Tyler Shough"",""point"":""0.5"",""side"":""Under"",""fair_prob"":0.5169,""persistence"":4}]",draftkings,293,0.2814,10.559,won,14.64,0.5163854426081296,5.5423,4,5
A_NODEPTH,2026-09-20,development-aligned,2026-09-20T10:11:49Z,T-8_to_4h,play,32637|player_receptions|Justin Jefferson|6.5|Under||32639|player_pass_interceptions|Tyler Shough|0.5|Under,"[{""event_id"":""32637"",""market"":""player_receptions"",""player"":""Justin Jefferson"",""point"":""6.5"",""side"":""Under"",""fair_prob"":0.5444,""persistence"":1},{""event_id"":""32639"",""market"":""player_pass_interceptions"",""player"":""Tyler Shough"",""point"":""0.5"",""side"":""Under"",""fair_prob"":0.5169,""persistence"":4}]",draftkings,293,0.2814,10.559,won,14.64,0.5163854426081296,5.5423,4,5
A_FAIR3565,2026-09-20,development-aligned,2026-09-20T10:11:49Z,T-8_to_4h,play,32637|player_receptions|Justin Jefferson|6.5|Under||32639|player_pass_interceptions|Tyler Shough|0.5|Under,"[{""event_id"":""32637"",""market"":""player_receptions"",""player"":""Justin Jefferson"",""point"":""6.5"",""side"":""Under"",""fair_prob"":0.5444,""persistence"":1},{""event_id"":""32639"",""market"":""player_pass_interceptions"",""player"":""Tyler Shough"",""point"":""0.5"",""side"":""Under"",""fair_prob"":0.5169,""persistence"":4}]",draftkings,293,0.2814,10.559,won,14.64,0.5163854426081296,5.5423,4,5
A_EDGE3,2026-09-20,development-aligned,2026-09-20T10:11:49Z,T-8_to_4h,play,32637|player_receptions|Justin Jefferson|6.5|Under||32639|player_pass_interceptions|Tyler Shough|0.5|Under,"[{""event_id"":""32637"",""market"":""player_receptions"",""player"":""Justin Jefferson"",""point"":""6.5"",""side"":""Under"",""fair_prob"":0.5444,""persistence"":1},{""event_id"":""32639"",""market"":""player_pass_interceptions"",""player"":""Tyler Shough"",""point"":""0.5"",""side"":""Under"",""fair_prob"":0.5169,""persistence"":4}]",draftkings,293,0.2814,10.559,won,14.64,0.5163854426081296,5.5423,4,5
A_EDGE5,2026-09-20,development-aligned,2026-09-20T10:11:49Z,T-8_to_4h,play,32637|player_receptions|Justin Jefferson|6.5|Under||32639|player_pass_interceptions|Tyler Shough|0.5|Under,"[{""event_id"":""32637"",""market"":""player_receptions"",""player"":""Justin Jefferson"",""point"":""6.5"",""side"":""Under"",""fair_prob"":0.5444,""persistence"":1},{""event_id"":""32639"",""market"":""player_pass_interceptions"",""player"":""Tyler Shough"",""point"":""0.5"",""side"":""Under"",""fair_prob"":0.5169,""persistence"":4}]",draftkings,293,0.2814,10.559,won,14.64,0.5163854426081296,5.5423,4,5
A_PERSIST2,2026-09-20,development-aligned,2026-09-20T10:11:49Z,T-8_to_4h,play,32637|player_pass_completions|Caleb Williams|19.5|Under||32639|player_pass_interceptions|Tyler Shough|0.5|Under,"[{""event_id"":""32637"",""market"":""player_pass_completions"",""player"":""Caleb Williams"",""point"":""19.5"",""side"":""Under"",""fair_prob"":0.5424,""persistence"":9},{""event_id"":""32639"",""market"":""player_pass_interceptions"",""player"":""Tyler Shough"",""point"":""0.5"",""side"":""Under"",""fair_prob"":0.5169,""persistence"":4}]",draftkings,293,0.280367,10.153,won,14.64,0.5178722879662335,7.3386,3,3
A_PERSIST3,2026-09-20,development-aligned,2026-09-20T10:11:49Z,T-8_to_4h,play,32637|player_pass_completions|Caleb Williams|19.5|Under||32639|player_pass_interceptions|Tyler Shough|0.5|Under,"[{""event_id"":""32637"",""market"":""player_pass_completions"",""player"":""Caleb Williams"",""point"":""19.5"",""side"":""Under"",""fair_prob"":0.5424,""persistence"":9},{""event_id"":""32639"",""market"":""player_pass_interceptions"",""player"":""Tyler Shough"",""point"":""0.5"",""side"":""Under"",""fair_prob"":0.5169,""persistence"":4}]",draftkings,293,0.280367,10.153,won,14.64,0.5178722879662335,7.3386,3,3
S_MAXEDGE,2026-09-20,development-aligned,2026-09-20T10:11:49Z,T-8_to_4h,play,32637|player_receptions|Justin Jefferson|6.5|Under||32639|player_pass_interceptions|Tyler Shough|0.5|Under,"[{""event_id"":""32637"",""market"":""player_receptions"",""player"":""Justin Jefferson"",""point"":""6.5"",""side"":""Under"",""fair_prob"":0.5444,""persistence"":1},{""event_id"":""32639"",""market"":""player_pass_interceptions"",""player"":""Tyler Shough"",""point"":""0.5"",""side"":""Under"",""fair_prob"":0.5169,""persistence"":4}]",draftkings,293,0.2814,10.559,won,14.64,0.5163854426081296,5.5423,4,5
S_MAXMINP,2026-09-20,development-aligned,2026-09-20T10:11:49Z,T-8_to_4h,play,32637|player_receptions|Justin Jefferson|6.5|Under||32639|player_pass_interceptions|Tyler Shough|0.5|Under,"[{""event_id"":""32637"",""market"":""player_receptions"",""player"":""Justin Jefferson"",""point"":""6.5"",""side"":""Under"",""fair_prob"":0.5444,""persistence"":1},{""event_id"":""32639"",""market"":""player_pass_interceptions"",""player"":""Tyler Shough"",""point"":""0.5"",""side"":""Under"",""fair_prob"":0.5169,""persistence"":4}]",draftkings,293,0.2814,10.559,won,14.64,0.5163854426081296,5.5423,4,5
S_MAXPERSIST,2026-09-20,development-aligned,2026-09-20T10:11:49Z,T-8_to_4h,play,32633|player_rush_yds|Cooper Rush|0.5|Over||32637|player_pass_completions|Caleb Williams|19.5|Under,"[{""event_id"":""32633"",""market"":""player_rush_yds"",""player"":""Cooper Rush"",""point"":""0.5"",""side"":""Over"",""fair_prob"":0.449,""persistence"":6},{""event_id"":""32637"",""market"":""player_pass_completions"",""player"":""Caleb Williams"",""point"":""19.5"",""side"":""Under"",""fair_prob"":0.5424,""persistence"":9}]",draftkings,345,0.243538,8.347,won,17.24,0.57223536261376,9.1349,4,5
C_NOCONFIRM,2026-09-20,development-aligned,2026-09-20T10:11:49Z,T-8_to_4h,play,32639|player_receptions|Juwan Johnson|3.5|Over||32646|player_receptions|Alec Pierce|2.5|Over,"[{""event_id"":""32639"",""market"":""player_receptions"",""player"":""Juwan Johnson"",""point"":""3.5"",""side"":""Over"",""fair_prob"":0.5678,""persistence"":3},{""event_id"":""32646"",""market"":""player_receptions"",""player"":""Alec Pierce"",""point"":""2.5"",""side"":""Over"",""fair_prob"":0.5904,""persistence"":1}]",kalshi,219,0.335229,6.866,lost,-5.0,0.1123785628959744,-0.0746500000000001,34,479
C_RANDOM_V2,2026-09-20,development-aligned,2026-09-20T10:11:49Z,T-8_to_4h,play,32637|player_receptions|Justin Jefferson|6.5|Under||32639|player_pass_interceptions|Tyler Shough|0.5|Under,"[{""event_id"":""32637"",""market"":""player_receptions"",""player"":""Justin Jefferson"",""point"":""6.5"",""side"":""Under"",""fair_prob"":0.5444,""persistence"":1},{""event_id"":""32639"",""market"":""player_pass_interceptions"",""player"":""Tyler Shough"",""point"":""0.5"",""side"":""Under"",""fair_prob"":0.5169,""persistence"":4}]",draftkings,293,0.2814,10.559,won,14.64,0.5163854426081296,5.5423,4,5
OFF_V1,2026-09-27,development-aligned,2026-09-27T10:56:13Z,T-8_to_4h,no_play,,[],,,,,,0.0,,,1,0
OFF_V2,2026-09-27,development-aligned,2026-09-27T10:56:13Z,T-8_to_4h,play,23215|player_receptions|Javonte Williams|2.5|Under||32655|player_receptions|Ladd McConkey|4.5|Under,"[{""event_id"":""32655"",""market"":""player_receptions"",""player"":""Ladd McConkey"",""point"":""4.5"",""side"":""Under"",""fair_prob"":0.4822,""persistence"":""""},{""event_id"":""23215"",""market"":""player_receptions"",""player"":""Javonte Williams"",""point"":""2.5"",""side"":""Under"",""fair_prob"":0.4737,""persistence"":""""}]",draftkings,373,0.228418,8.051,won,18.65,0.5953385666810596,2.0068,2,1
OFF_V3,2026-09-27,development-aligned,2026-09-27T10:56:13Z,T-8_to_4h,play,23215|player_receptions|Javonte Williams|2.5|Under||32655|player_receptions|Ladd McConkey|4.5|Under,"[{""event_id"":""32655"",""market"":""player_receptions"",""player"":""Ladd McConkey"",""point"":""4.5"",""side"":""Under"",""fair_prob"":0.4822,""persistence"":""""},{""event_id"":""23215"",""market"":""player_receptions"",""player"":""Javonte Williams"",""point"":""2.5"",""side"":""Under"",""fair_prob"":0.4737,""persistence"":""""}]",draftkings,373,0.228418,8.051,won,18.65,0.5953385666810596,2.0068,3,2
OFF_V4,2026-09-27,development-aligned,2026-09-27T10:56:13Z,T-8_to_4h,play,32653|player_field_goals_made|Dominic Zvada|1.5|Over||32655|player_receptions|Ladd McConkey|4.5|Under,"[{""event_id"":""32653"",""market"":""player_field_goals_made"",""player"":""Dominic Zvada"",""point"":""1.5"",""side"":""Over"",""fair_prob"":0.5654,""persistence"":""""},{""event_id"":""32655"",""market"":""player_receptions"",""player"":""Ladd McConkey"",""point"":""4.5"",""side"":""Under"",""fair_prob"":0.4822,""persistence"":""""}]",draftkings,309,0.272636,11.469,won,15.44,0.5290585630633745,-1.0645,4,5
OFF_V5,2026-09-27,development-aligned,2026-09-27T10:56:13Z,T-8_to_4h,play,32653|player_field_goals_made|Dominic Zvada|1.5|Over||32655|player_receptions|Ladd McConkey|4.5|Under,"[{""event_id"":""32653"",""market"":""player_field_goals_made"",""player"":""Dominic Zvada"",""point"":""1.5"",""side"":""Over"",""fair_prob"":0.5654,""persistence"":""""},{""event_id"":""32655"",""market"":""player_receptions"",""player"":""Ladd McConkey"",""point"":""4.5"",""side"":""Under"",""fair_prob"":0.4822,""persistence"":""""}]",draftkings,309,0.272636,11.469,won,15.44,0.5290585630633745,-1.0645,3,3
OFF_V6,2026-09-27,development-aligned,2026-09-27T10:56:13Z,T-8_to_4h,no_play,,[],,,,,,0.0,,,0,0
OFF_V8,2026-09-27,development-aligned,2026-09-27T10:56:13Z,T-8_to_4h,play,23215|player_receptions|Javonte Williams|2.5|Under||32655|player_receptions|Ladd McConkey|4.5|Under,"[{""event_id"":""32655"",""market"":""player_receptions"",""player"":""Ladd McConkey"",""point"":""4.5"",""side"":""Under"",""fair_prob"":0.4822,""persistence"":""""},{""event_id"":""23215"",""market"":""player_receptions"",""player"":""Javonte Williams"",""point"":""2.5"",""side"":""Under"",""fair_prob"":0.4737,""persistence"":""""}]",draftkings,373,0.228418,8.051,won,18.65,0.5953385666810596,2.0068,3,2
OFF_V8_2,2026-09-27,development-aligned,2026-09-27T10:56:13Z,T-8_to_4h,no_play,,[],,,,,,0.0,,,3,2
A_MIN4,2026-09-27,development-aligned,2026-09-27T10:56:13Z,T-8_to_4h,play,23215|player_receptions|Javonte Williams|2.5|Under||32655|player_receptions|Ladd McConkey|4.5|Under,"[{""event_id"":""32655"",""market"":""player_receptions"",""player"":""Ladd McConkey"",""point"":""4.5"",""side"":""Under"",""fair_prob"":0.4822,""persistence"":1},{""event_id"":""23215"",""market"":""player_receptions"",""player"":""Javonte Williams"",""point"":""2.5"",""side"":""Under"",""fair_prob"":0.4737,""persistence"":9}]",draftkings,373,0.228418,8.051,won,18.65,0.5953385666810596,2.0068,2,1
A_NODEPTH,2026-09-27,development-aligned,2026-09-27T10:56:13Z,T-8_to_4h,play,32650|player_receptions|Emmett Johnson|1.5|Over||32655|player_receptions|Ladd McConkey|4.5|Under,"[{""event_id"":""32650"",""market"":""player_receptions"",""player"":""Emmett Johnson"",""point"":""1.5"",""side"":""Over"",""fair_prob"":0.5,""persistence"":6},{""event_id"":""32655"",""market"":""player_receptions"",""player"":""Ladd McConkey"",""point"":""4.5"",""side"":""Under"",""fair_prob"":0.4822,""persistence"":1}]",kalshi,354,0.2411,9.385,won_reduced,5.65,,6.5,3,3
A_FAIR3565,2026-09-27,development-aligned,2026-09-27T10:56:13Z,T-8_to_4h,play,23215|player_receptions|Javonte Williams|2.5|Under||32655|player_receptions|Ladd McConkey|4.5|Under,"[{""event_id"":""32655"",""market"":""player_receptions"",""player"":""Ladd McConkey"",""point"":""4.5"",""side"":""Under"",""fair_prob"":0.4822,""persistence"":1},{""event_id"":""23215"",""market"":""player_receptions"",""player"":""Javonte Williams"",""point"":""2.5"",""side"":""Under"",""fair_prob"":0.4737,""persistence"":9}]",draftkings,373,0.228418,8.051,won,18.65,0.5953385666810596,2.0068,2,1
A_EDGE3,2026-09-27,development-aligned,2026-09-27T10:56:13Z,T-8_to_4h,play,23215|player_receptions|Javonte Williams|2.5|Under||32655|player_receptions|Ladd McConkey|4.5|Under,"[{""event_id"":""32655"",""market"":""player_receptions"",""player"":""Ladd McConkey"",""point"":""4.5"",""side"":""Under"",""fair_prob"":0.4822,""persistence"":1},{""event_id"":""23215"",""market"":""player_receptions"",""player"":""Javonte Williams"",""point"":""2.5"",""side"":""Under"",""fair_prob"":0.4737,""persistence"":9}]",draftkings,373,0.228418,8.051,won,18.65,0.5953385666810596,2.0068,2,1
A_EDGE5,2026-09-27,development-aligned,2026-09-27T10:56:13Z,T-8_to_4h,play,23215|player_receptions|Javonte Williams|2.5|Under||32655|player_receptions|Ladd McConkey|4.5|Under,"[{""event_id"":""32655"",""market"":""player_receptions"",""player"":""Ladd McConkey"",""point"":""4.5"",""side"":""Under"",""fair_prob"":0.4822,""persistence"":1},{""event_id"":""23215"",""market"":""player_receptions"",""player"":""Javonte Williams"",""point"":""2.5"",""side"":""Under"",""fair_prob"":0.4737,""persistence"":9}]",draftkings,373,0.228418,8.051,won,18.65,0.5953385666810596,2.0068,2,1
A_PERSIST2,2026-09-27,development-aligned,2026-09-27T10:56:13Z,T-8_to_4h,no_play,,[],,,,,,0.0,,,1,0
A_PERSIST3,2026-09-27,development-aligned,2026-09-27T10:56:13Z,T-8_to_4h,no_play,,[],,,,,,0.0,,,1,0
S_MAXEDGE,2026-09-27,development-aligned,2026-09-27T10:56:13Z,T-8_to_4h,play,23215|player_receptions|Javonte Williams|2.5|Under||32655|player_receptions|Ladd McConkey|4.5|Under,"[{""event_id"":""32655"",""market"":""player_receptions"",""player"":""Ladd McConkey"",""point"":""4.5"",""side"":""Under"",""fair_prob"":0.4822,""persistence"":1},{""event_id"":""23215"",""market"":""player_receptions"",""player"":""Javonte Williams"",""point"":""2.5"",""side"":""Under"",""fair_prob"":0.4737,""persistence"":9}]",draftkings,373,0.228418,8.051,won,18.65,0.5953385666810596,2.0068,2,1
S_MAXMINP,2026-09-27,development-aligned,2026-09-27T10:56:13Z,T-8_to_4h,play,23215|player_receptions|Javonte Williams|2.5|Under||32655|player_receptions|Ladd McConkey|4.5|Under,"[{""event_id"":""32655"",""market"":""player_receptions"",""player"":""Ladd McConkey"",""point"":""4.5"",""side"":""Under"",""fair_prob"":0.4822,""persistence"":1},{""event_id"":""23215"",""market"":""player_receptions"",""player"":""Javonte Williams"",""point"":""2.5"",""side"":""Under"",""fair_prob"":0.4737,""persistence"":9}]",draftkings,373,0.228418,8.051,won,18.65,0.5953385666810596,2.0068,2,1
S_MAXPERSIST,2026-09-27,development-aligned,2026-09-27T10:56:13Z,T-8_to_4h,play,23215|player_receptions|Javonte Williams|2.5|Under||32655|player_receptions|Ladd McConkey|4.5|Under,"[{""event_id"":""32655"",""market"":""player_receptions"",""player"":""Ladd McConkey"",""point"":""4.5"",""side"":""Under"",""fair_prob"":0.4822,""persistence"":1},{""event_id"":""23215"",""market"":""player_receptions"",""player"":""Javonte Williams"",""point"":""2.5"",""side"":""Under"",""fair_prob"":0.4737,""persistence"":9}]",draftkings,373,0.228418,8.051,won,18.65,0.5953385666810596,2.0068,2,1
C_NOCONFIRM,2026-09-27,development-aligned,2026-09-27T10:56:13Z,T-8_to_4h,play,32652|player_pass_tds|Marcus Mariota|0.5|Over||32657|player_receptions|Harold Fannin Jr.|3.5|Over,"[{""event_id"":""32652"",""market"":""player_pass_tds"",""player"":""Marcus Mariota"",""point"":""0.5"",""side"":""Over"",""fair_prob"":0.6258,""persistence"":1},{""event_id"":""32657"",""market"":""player_receptions"",""player"":""Harold Fannin Jr."",""point"":""3.5"",""side"":""Over"",""fair_prob"":0.5731,""persistence"":1}]",kalshi,203,0.358646,8.77,won,10.16,0.41133497897016036,-0.21655000000000002,32,415
C_RANDOM_V2,2026-09-27,development-aligned,2026-09-27T10:56:13Z,T-8_to_4h,play,23215|player_receptions|Javonte Williams|2.5|Under||32655|player_receptions|Ladd McConkey|4.5|Under,"[{""event_id"":""32655"",""market"":""player_receptions"",""player"":""Ladd McConkey"",""point"":""4.5"",""side"":""Under"",""fair_prob"":0.4822,""persistence"":1},{""event_id"":""23215"",""market"":""player_receptions"",""player"":""Javonte Williams"",""point"":""2.5"",""side"":""Under"",""fair_prob"":0.4737,""persistence"":9}]",draftkings,373,0.228418,8.051,won,18.65,0.5953385666810596,2.0068,2,1
OFF_V1,2026-10-04,last-committed-pregame,2026-10-04T03:07:18Z,T-12_to_8h,play,24886|player_pass_interceptions|Marcus Mariota|0.5|Over||32669|player_pass_interceptions|Josh Allen|0.5|Over,"[{""event_id"":""24886"",""market"":""player_pass_interceptions"",""player"":""Marcus Mariota"",""point"":""0.5"",""side"":""Over"",""fair_prob"":0.5293,""persistence"":""""},{""event_id"":""32669"",""market"":""player_pass_interceptions"",""player"":""Josh Allen"",""point"":""0.5"",""side"":""Over"",""fair_prob"":0.449,""persistence"":""""}]",draftkings,351,0.237656,7.183,lost,-5.0,0.05648023174249,3.5287,3,2
OFF_V2,2026-10-04,last-committed-pregame,2026-10-04T03:07:18Z,T-12_to_8h,play,24886|player_pass_interceptions|Marcus Mariota|0.5|Over||32666|player_receptions|Xavier Hutchinson|2.5|Under,"[{""event_id"":""24886"",""market"":""player_pass_interceptions"",""player"":""Marcus Mariota"",""point"":""0.5"",""side"":""Over"",""fair_prob"":0.5293,""persistence"":""""},{""event_id"":""32666"",""market"":""player_receptions"",""player"":""Xavier Hutchinson"",""point"":""2.5"",""side"":""Under"",""fair_prob"":0.5199,""persistence"":""""}]",bovada,290,0.275183,7.452,lost,-5.0,0.07572572201462492,,5,9
OFF_V3,2026-10-04,last-committed-pregame,2026-10-04T03:07:18Z,T-12_to_8h,play,24886|player_pass_interceptions|Marcus Mariota|0.5|Over||32666|player_receptions|Xavier Hutchinson|2.5|Under,"[{""event_id"":""24886"",""market"":""player_pass_interceptions"",""player"":""Marcus Mariota"",""point"":""0.5"",""side"":""Over"",""fair_prob"":0.5293,""persistence"":""""},{""event_id"":""32666"",""market"":""player_receptions"",""player"":""Xavier Hutchinson"",""point"":""2.5"",""side"":""Under"",""fair_prob"":0.5199,""persistence"":""""}]",bovada,290,0.275183,7.452,lost,-5.0,0.07572572201462492,,5,9
OFF_V4,2026-10-04,last-committed-pregame,2026-10-04T03:07:18Z,T-12_to_8h,play,32664|player_field_goals_made|Chase McLaughlin|1.5|Under||32672|player_receptions|Chris Bell|2.5|Under,"[{""event_id"":""32664"",""market"":""player_field_goals_made"",""player"":""Chase McLaughlin"",""point"":""1.5"",""side"":""Under"",""fair_prob"":0.5384,""persistence"":""""},{""event_id"":""32672"",""market"":""player_receptions"",""player"":""Chris Bell"",""point"":""2.5"",""side"":""Under"",""fair_prob"":0.5335,""persistence"":""""}]",draftkings,276,0.287236,7.991,won,13.8,0.5080319494849599,-1.9231,10,41
OFF_V5,2026-10-04,last-committed-pregame,2026-10-04T03:07:18Z,T-12_to_8h,play,32664|player_field_goals_made|Chase McLaughlin|1.5|Under||32675|player_receptions|Kenneth Walker III|2.5|Over,"[{""event_id"":""32664"",""market"":""player_field_goals_made"",""player"":""Chase McLaughlin"",""point"":""1.5"",""side"":""Under"",""fair_prob"":0.5384,""persistence"":""""},{""event_id"":""32675"",""market"":""player_receptions"",""player"":""Kenneth Walker III"",""point"":""2.5"",""side"":""Over"",""fair_prob"":0.6106,""persistence"":""""}]",hardrock,238,0.328747,11.094,lost,-5.0,0.1080746163087616,4.1538,13,73
OFF_V6,2026-10-04,last-committed-pregame,2026-10-04T03:07:18Z,T-12_to_8h,play,32666|player_receptions|Xavier Hutchinson|2.5|Under||32672|player_receptions|Jauan Jennings|2.5|Over,"[{""event_id"":""32666"",""market"":""player_receptions"",""player"":""Xavier Hutchinson"",""point"":""2.5"",""side"":""Under"",""fair_prob"":0.5199,""persistence"":""""},{""event_id"":""32672"",""market"":""player_receptions"",""player"":""Jauan Jennings"",""point"":""2.5"",""side"":""Over"",""fair_prob"":0.4958,""persistence"":""""}]",bovada,320,0.257766,8.262,lost,-5.0,0.06644352727961643,-0.3437,3,3
OFF_V8,2026-10-04,last-committed-pregame,2026-10-04T03:07:18Z,T-12_to_8h,play,24886|player_pass_interceptions|Marcus Mariota|0.5|Over||32666|player_receptions|Xavier Hutchinson|2.5|Under,"[{""event_id"":""24886"",""market"":""player_pass_interceptions"",""player"":""Marcus Mariota"",""point"":""0.5"",""side"":""Over"",""fair_prob"":0.5293,""persistence"":""""},{""event_id"":""32666"",""market"":""player_receptions"",""player"":""Xavier Hutchinson"",""point"":""2.5"",""side"":""Under"",""fair_prob"":0.5199,""persistence"":""""}]",bovada,290,0.275183,7.452,lost,-5.0,0.07572572201462492,,5,9
OFF_V8_2,2026-10-04,last-committed-pregame,2026-10-04T03:07:18Z,T-12_to_8h,play,32669|player_pass_interceptions|Josh Allen|0.5|Over||32672|player_receptions|Jauan Jennings|2.5|Over,"[{""event_id"":""32669"",""market"":""player_pass_interceptions"",""player"":""Josh Allen"",""point"":""0.5"",""side"":""Over"",""fair_prob"":0.449,""persistence"":""""},{""event_id"":""32672"",""market"":""player_receptions"",""player"":""Jauan Jennings"",""point"":""2.5"",""side"":""Over"",""fair_prob"":0.4958,""persistence"":""""}]",bovada,383,0.222614,7.523,lost,-5.0,0.049557082041640006,-1.31565,5,9
A_MIN4,2026-10-04,last-committed-pregame,2026-10-04T03:07:18Z,T-12_to_8h,play,24886|player_pass_interceptions|Marcus Mariota|0.5|Over||32666|player_receptions|Xavier Hutchinson|2.5|Under,"[{""event_id"":""24886"",""market"":""player_pass_interceptions"",""player"":""Marcus Mariota"",""point"":""0.5"",""side"":""Over"",""fair_prob"":0.5293,""persistence"":1},{""event_id"":""32666"",""market"":""player_receptions"",""player"":""Xavier Hutchinson"",""point"":""2.5"",""side"":""Under"",""fair_prob"":0.5199,""persistence"":2}]",bovada,290,0.275183,7.452,lost,-5.0,0.07572572201462492,,5,9
A_NODEPTH,2026-10-04,last-committed-pregame,2026-10-04T03:07:18Z,T-12_to_8h,play,24886|player_pass_interceptions|Marcus Mariota|0.5|Over||32666|player_receptions|Xavier Hutchinson|2.5|Under,"[{""event_id"":""24886"",""market"":""player_pass_interceptions"",""player"":""Marcus Mariota"",""point"":""0.5"",""side"":""Over"",""fair_prob"":0.5293,""persistence"":1},{""event_id"":""32666"",""market"":""player_receptions"",""player"":""Xavier Hutchinson"",""point"":""2.5"",""side"":""Under"",""fair_prob"":0.5199,""persistence"":2}]",bovada,290,0.275183,7.452,lost,-5.0,0.07572572201462492,,6,14
A_FAIR3565,2026-10-04,last-committed-pregame,2026-10-04T03:07:18Z,T-12_to_8h,play,24886|player_pass_interceptions|Marcus Mariota|0.5|Over||32666|player_receptions|Xavier Hutchinson|2.5|Under,"[{""event_id"":""24886"",""market"":""player_pass_interceptions"",""player"":""Marcus Mariota"",""point"":""0.5"",""side"":""Over"",""fair_prob"":0.5293,""persistence"":1},{""event_id"":""32666"",""market"":""player_receptions"",""player"":""Xavier Hutchinson"",""point"":""2.5"",""side"":""Under"",""fair_prob"":0.5199,""persistence"":2}]",bovada,290,0.275183,7.452,lost,-5.0,0.07572572201462492,,5,9
A_EDGE3,2026-10-04,last-committed-pregame,2026-10-04T03:07:18Z,T-12_to_8h,play,24886|player_pass_interceptions|Marcus Mariota|0.5|Over||32666|player_receptions|Xavier Hutchinson|2.5|Under,"[{""event_id"":""24886"",""market"":""player_pass_interceptions"",""player"":""Marcus Mariota"",""point"":""0.5"",""side"":""Over"",""fair_prob"":0.5293,""persistence"":1},{""event_id"":""32666"",""market"":""player_receptions"",""player"":""Xavier Hutchinson"",""point"":""2.5"",""side"":""Under"",""fair_prob"":0.5199,""persistence"":2}]",bovada,290,0.275183,7.452,lost,-5.0,0.07572572201462492,,5,9
A_EDGE5,2026-10-04,last-committed-pregame,2026-10-04T03:07:18Z,T-12_to_8h,play,24886|player_pass_interceptions|Marcus Mariota|0.5|Over||32666|player_receptions|Xavier Hutchinson|2.5|Under,"[{""event_id"":""24886"",""market"":""player_pass_interceptions"",""player"":""Marcus Mariota"",""point"":""0.5"",""side"":""Over"",""fair_prob"":0.5293,""persistence"":1},{""event_id"":""32666"",""market"":""player_receptions"",""player"":""Xavier Hutchinson"",""point"":""2.5"",""side"":""Under"",""fair_prob"":0.5199,""persistence"":2}]",bovada,290,0.275183,7.452,lost,-5.0,0.07572572201462492,,5,9
A_PERSIST2,2026-10-04,last-committed-pregame,2026-10-04T03:07:18Z,T-12_to_8h,play,32666|player_receptions|Xavier Hutchinson|2.5|Under||32672|player_receptions|Jauan Jennings|2.5|Over,"[{""event_id"":""32666"",""market"":""player_receptions"",""player"":""Xavier Hutchinson"",""point"":""2.5"",""side"":""Under"",""fair_prob"":0.5199,""persistence"":2},{""event_id"":""32672"",""market"":""player_receptions"",""player"":""Jauan Jennings"",""point"":""2.5"",""side"":""Over"",""fair_prob"":0.4958,""persistence"":4}]",bovada,320,0.257766,8.262,lost,-5.0,0.06644352727961643,-0.3437,3,3
A_PERSIST3,2026-10-04,last-committed-pregame,2026-10-04T03:07:18Z,T-12_to_8h,play,24886|player_receptions|Tyler Warren|5.5|Under||32672|player_receptions|Jauan Jennings|2.5|Over,"[{""event_id"":""24886"",""market"":""player_receptions"",""player"":""Tyler Warren"",""point"":""5.5"",""side"":""Under"",""fair_prob"":0.4916,""persistence"":5},{""event_id"":""32672"",""market"":""player_receptions"",""player"":""Jauan Jennings"",""point"":""2.5"",""side"":""Over"",""fair_prob"":0.4958,""persistence"":4}]",bovada,341,0.243735,7.487,lost,-5.0,0.059406886716678396,-0.3437,2,1
S_MAXEDGE,2026-10-04,last-committed-pregame,2026-10-04T03:07:18Z,T-12_to_8h,play,32666|player_receptions|Xavier Hutchinson|2.5|Under||32672|player_receptions|Jauan Jennings|2.5|Over,"[{""event_id"":""32666"",""market"":""player_receptions"",""player"":""Xavier Hutchinson"",""point"":""2.5"",""side"":""Under"",""fair_prob"":0.5199,""persistence"":2},{""event_id"":""32672"",""market"":""player_receptions"",""player"":""Jauan Jennings"",""point"":""2.5"",""side"":""Over"",""fair_prob"":0.4958,""persistence"":4}]",bovada,320,0.257766,8.262,lost,-5.0,0.06644352727961643,-0.3437,5,9
S_MAXMINP,2026-10-04,last-committed-pregame,2026-10-04T03:07:18Z,T-12_to_8h,play,24886|player_pass_interceptions|Marcus Mariota|0.5|Over||32666|player_receptions|Xavier Hutchinson|2.5|Under,"[{""event_id"":""24886"",""market"":""player_pass_interceptions"",""player"":""Marcus Mariota"",""point"":""0.5"",""side"":""Over"",""fair_prob"":0.5293,""persistence"":1},{""event_id"":""32666"",""market"":""player_receptions"",""player"":""Xavier Hutchinson"",""point"":""2.5"",""side"":""Under"",""fair_prob"":0.5199,""persistence"":2}]",bovada,290,0.275183,7.452,lost,-5.0,0.07572572201462492,,5,9
S_MAXPERSIST,2026-10-04,last-committed-pregame,2026-10-04T03:07:18Z,T-12_to_8h,play,24886|player_receptions|Tyler Warren|5.5|Under||32672|player_receptions|Jauan Jennings|2.5|Over,"[{""event_id"":""24886"",""market"":""player_receptions"",""player"":""Tyler Warren"",""point"":""5.5"",""side"":""Under"",""fair_prob"":0.4916,""persistence"":5},{""event_id"":""32672"",""market"":""player_receptions"",""player"":""Jauan Jennings"",""point"":""2.5"",""side"":""Over"",""fair_prob"":0.4958,""persistence"":4}]",bovada,341,0.243735,7.487,lost,-5.0,0.059406886716678396,-0.3437,5,9
C_NOCONFIRM,2026-10-04,last-committed-pregame,2026-10-04T03:07:18Z,T-12_to_8h,play,32668|player_receptions|Trey McBride|7.5|Under||32673|player_receptions|Quentin Johnston|2.5|Over,"[{""event_id"":""32668"",""market"":""player_receptions"",""player"":""Trey McBride"",""point"":""7.5"",""side"":""Under"",""fair_prob"":0.62,""persistence"":2},{""event_id"":""32673"",""market"":""player_receptions"",""player"":""Quentin Johnston"",""point"":""2.5"",""side"":""Over"",""fair_prob"":0.6305,""persistence"":1}]",hardrock,176,0.39091,8.075,lost,-5.0,0.15281062809999998,4.60945,53,1183
C_RANDOM_V2,2026-10-04,last-committed-pregame,2026-10-04T03:07:18Z,T-12_to_8h,play,24886|player_pass_interceptions|Marcus Mariota|0.5|Over||32672|player_receptions|Jauan Jennings|2.5|Over,"[{""event_id"":""24886"",""market"":""player_pass_interceptions"",""player"":""Marcus Mariota"",""point"":""0.5"",""side"":""Over"",""fair_prob"":0.5293,""persistence"":1},{""event_id"":""32672"",""market"":""player_receptions"",""player"":""Jauan Jennings"",""point"":""2.5"",""side"":""Over"",""fair_prob"":0.4958,""persistence"":4}]",bovada,310,0.262427,7.595,lost,-5.0,0.0688678988377636,-0.3437,5,9
