event_id,sport,home,away,commence_time,first_seen
32634,football_nfl,TEN Titans,PHI Eagles,2026-09-20T17:00:00Z,2026-09-18T18:04:00Z
32633,football_nfl,ATL Falcons,CAR Panthers,2026-09-20T17:00:00Z,2026-09-18T18:04:00Z
32635,football_nfl,TB Buccaneers,CLE Browns,2026-09-20T17:00:00Z,2026-09-18T18:04:00Z
32637,football_nfl,CHI Bears,MIN Vikings,2026-09-20T17:00:00Z,2026-09-18T18:04:00Z
32638,football_nfl,NE Patriots,PIT Steelers,2026-09-20T17:00:00Z,2026-09-18T18:04:00Z
32640,football_nfl,HOU Texans,CIN Bengals,2026-09-20T17:00:00Z,2026-09-18T18:04:00Z
32639,football_nfl,BAL Ravens,NO Saints,2026-09-20T17:00:00Z,2026-09-18T18:04:00Z
32636,football_nfl,NY Jets,GB Packers,2026-09-20T17:00:00Z,2026-09-18T18:04:00Z
32641,football_nfl,DEN Broncos,JAX Jaguars,2026-09-20T20:05:00Z,2026-09-18T18:04:00Z
32642,football_nfl,LA Chargers,LV Raiders,2026-09-20T20:05:00Z,2026-09-18T18:04:00Z
32645,football_nfl,ARI Cardinals,SEA Seahawks,2026-09-20T20:25:00Z,2026-09-18T18:04:00Z
32644,football_nfl,DAL Cowboys,WAS Commanders,2026-09-20T20:25:00Z,2026-09-18T18:04:00Z
32643,football_nfl,SF 49ers,MIA Dolphins,2026-09-20T20:25:00Z,2026-09-18T18:04:00Z
32646,football_nfl,KC Chiefs,IND Colts,2026-09-21T00:20:00Z,2026-09-18T18:04:00Z
32647,football_nfl,LA Rams,NY Giants,2026-09-22T00:15:00Z,2026-09-18T18:04:00Z
32648,football_nfl,GB Packers,ATL Falcons,2026-09-25T00:15:00Z,2026-09-19T01:55:58Z
32655,football_nfl,BUF Bills,LA Chargers,2026-09-27T17:00:00Z,2026-09-21T17:17:25Z
32649,football_nfl,PIT Steelers,CIN Bengals,2026-09-27T17:00:00Z,2026-09-21T17:17:25Z
32651,football_nfl,JAX Jaguars,NE Patriots,2026-09-27T17:00:00Z,2026-09-21T17:17:25Z
32656,football_nfl,DET Lions,NY Jets,2026-09-27T17:00:00Z,2026-09-21T17:17:25Z
32654,football_nfl,IND Colts,HOU Texans,2026-09-27T17:00:00Z,2026-09-21T17:17:25Z
32650,football_nfl,MIA Dolphins,KC Chiefs,2026-09-27T17:00:00Z,2026-09-21T17:17:25Z
32653,football_nfl,NY Giants,TEN Titans,2026-09-27T17:00:00Z,2026-09-21T17:17:25Z
32652,football_nfl,WAS Commanders,SEA Seahawks,2026-09-27T17:00:00Z,2026-09-21T17:17:25Z
32657,football_nfl,CLE Browns,CAR Panthers,2026-09-27T17:00:00Z,2026-09-21T17:17:25Z
32659,football_nfl,SF 49ers,ARI Cardinals,2026-09-27T20:05:00Z,2026-09-21T21:17:59Z
32658,football_nfl,TB Buccaneers,MIN Vikings,2026-09-27T20:05:00Z,2026-09-21T21:17:59Z
23215,football_nfl,Dallas Cowboys,Baltimore Ravens,2026-09-27T20:25:00Z,2026-09-21T21:17:59Z
32660,football_nfl,NO Saints,LV Raiders,2026-09-27T20:25:00Z,2026-09-21T21:17:59Z
32661,football_nfl,DEN Broncos,LA Rams,2026-09-28T00:20:00Z,2026-09-22T02:06:17Z
32662,football_nfl,CHI Bears,PHI Eagles,2026-09-29T00:15:00Z,2026-09-23T02:05:21Z
32663,football_nfl,CLE Browns,PIT Steelers,2026-10-02T00:15:00Z,2026-09-26T02:15:28Z
24886,football_nfl,Washington Commanders,Indianapolis Colts,2026-10-04T13:30:00Z,2026-09-28T15:30:02Z
32670,football_nfl,Cincinnati Bengals,Jacksonville Jaguars,2026-10-04T17:00:00Z,2026-09-28T22:41:28Z
32664,football_nfl,Tampa Bay Buccaneers,Green Bay Packers,2026-10-04T17:00:00Z,2026-09-28T22:41:28Z
32671,football_nfl,Philadelphia Eagles,Los Angeles Rams,2026-10-04T17:00:00Z,2026-09-28T22:41:28Z
32665,football_nfl,Baltimore Ravens,Tennessee Titans,2026-10-04T17:00:00Z,2026-09-28T22:41:28Z
32667,football_nfl,Chicago Bears,New York Jets,2026-10-04T17:00:00Z,2026-09-28T22:41:28Z
32668,football_nfl,New York Giants,Arizona Cardinals,2026-10-04T17:00:00Z,2026-09-28T22:41:28Z
32666,football_nfl,Houston Texans,Dallas Cowboys,2026-10-04T17:00:00Z,2026-09-28T22:41:28Z
32669,football_nfl,Buffalo Bills,New England Patriots,2026-10-04T17:00:00Z,2026-09-28T22:41:28Z
32672,football_nfl,Minnesota Vikings,Miami Dolphins,2026-10-04T20:05:00Z,2026-09-28T22:41:28Z
32674,football_nfl,San Francisco 49ers,Denver Broncos,2026-10-04T20:25:00Z,2026-09-28T22:41:28Z
32673,football_nfl,Seattle Seahawks,Los Angeles Chargers,2026-10-04T20:25:00Z,2026-09-28T22:41:28Z
32675,football_nfl,Las Vegas Raiders,Kansas City Chiefs,2026-10-04T20:25:00Z,2026-09-28T22:41:28Z
32676,football_nfl,Carolina Panthers,Detroit Lions,2026-10-05T00:20:00Z,2026-09-29T03:00:12Z
32677,football_nfl,New Orleans Saints,Atlanta Falcons,2026-10-06T00:15:00Z,2026-09-30T02:41:03Z
32678,football_nfl,Dallas Cowboys,Tampa Bay Buccaneers,2026-10-09T00:15:00Z,2026-10-03T02:35:50Z
24872,football_nfl,Jacksonville Jaguars,Philadelphia Eagles,2026-10-11T13:30:00Z,2026-10-05T23:24:55Z
46671,football_nfl,Green Bay Packers,Chicago Bears,2026-10-11T17:00:00Z,2026-10-05T23:24:55Z
32684,football_nfl,New England Patriots,Las Vegas Raiders,2026-10-11T17:00:00Z,2026-10-05T23:24:55Z
32683,football_nfl,Pittsburgh Steelers,Indianapolis Colts,2026-10-11T17:00:00Z,2026-10-05T23:24:55Z
32681,football_nfl,New Orleans Saints,Minnesota Vikings,2026-10-11T17:00:00Z,2026-10-05T23:24:55Z
32682,football_nfl,Tennessee Titans,Houston Texans,2026-10-11T17:00:00Z,2026-10-05T23:24:55Z
32685,football_nfl,New York Jets,Cleveland Browns,2026-10-11T17:00:00Z,2026-10-05T23:24:55Z
32679,football_nfl,Washington Commanders,New York Giants,2026-10-11T17:00:00Z,2026-10-05T23:24:55Z
32680,football_nfl,Miami Dolphins,Cincinnati Bengals,2026-10-11T17:00:00Z,2026-10-05T23:24:55Z
32686,football_nfl,Los Angeles Chargers,Denver Broncos,2026-10-11T20:05:00Z,2026-10-05T23:24:55Z
46670,football_nfl,Arizona Cardinals,Detroit Lions,2026-10-11T20:25:00Z,2026-10-05T23:24:55Z
32687,football_nfl,Seattle Seahawks,San Francisco 49ers,2026-10-11T20:25:00Z,2026-10-05T23:24:55Z
