ts,phase,status,events,rows,api_calls,api_remaining,note
2026-10-05T12:28:08Z,capture,ok,1,621,4,4949,hours_before=30.0; shadow=22
2026-10-05T12:28:17Z,research,ok,0,8,0,,legacy_auto=False; sgp_obs=1
2026-10-05T12:51:21Z,capture,ok,2,244,14,4941,hours_before=144; shadow=22
2026-10-05T12:51:31Z,research,ok,0,0,0,,legacy_auto=True; sgp_obs=1
2026-10-05T12:53:10Z,settle,ok,0,28,9,4922,"canonical_close={'capture': {'ts': '2026-10-05T12:51:33Z', 'events': 8, 'rows': 24302, 'failures': [], 'backlog': 38}, 'grade': {'ts': '2026-10-05T12:51:33Z', 'rows': 467, 'id_matches': 0, 'exact_matches': 439, 'loose_matches': 28}}"
2026-10-05T20:45:46Z,capture,ok,1,663,4,4909,hours_before=30.0; shadow=22
2026-10-05T20:50:54Z,research,ok,1,8,38,4834,legacy_auto=False; sgp_obs=1
2026-10-05T23:27:30Z,capture,ok,14,967,28,4806,hours_before=144; shadow=22
2026-10-05T23:29:23Z,research,ok,0,0,13,4780,legacy_auto=True; sgp_obs=1
