ts,snapshot_ts,event_id,commence_time,hours_to_kick,pair_id,qb_player,catcher_player,archetype,tier,rho_cons,independent_prob,model_joint_prob,dual_confirm,core_quality,qb_persistence,catcher_persistence,qb_main,catcher_main,qb_fresh_age_sec,catcher_fresh_age_sec,book,quoted,sgp_price,book_break_even_prob,pricing_edge_pp,independent_price,correlation_factor,error
2026-10-05T20:45:49Z,2026-10-05T20:45:20Z,32677,2026-10-06T00:15:00Z,3.49,Alvin Kamara|player_receptions|Under|3.5||Tyler Shough|player_pass_completions|Under|23.5,Tyler Shough,Alvin Kamara,COMPLETIONS__RECEPTIONS,A,0.2690810140451369,0.30017312,0.341657738178249,False,True,0,0,True,True,,,fanduel,False,,,,,,http 422
2026-10-05T20:45:49Z,2026-10-05T20:45:20Z,32677,2026-10-06T00:15:00Z,3.49,Alvin Kamara|player_receptions|Under|3.5||Tyler Shough|player_pass_completions|Under|23.5,Tyler Shough,Alvin Kamara,COMPLETIONS__RECEPTIONS,A,0.2690810140451369,0.30017312,0.341657738178249,False,True,0,0,True,True,,,draftkings,False,,,,,,http 422
2026-10-05T20:45:49Z,2026-10-05T20:45:20Z,32677,2026-10-06T00:15:00Z,3.49,Devaughn Vele|player_receptions|Over|3.5||Tyler Shough|player_pass_completions|Over|23.5,Tyler Shough,Devaughn Vele,COMPLETIONS__RECEPTIONS,A,0.25803415231969434,0.2995842,0.34013571867390974,False,True,2,0,True,True,,,fanduel,False,,,,,,http 422
2026-10-05T20:45:49Z,2026-10-05T20:45:20Z,32677,2026-10-06T00:15:00Z,3.49,Devaughn Vele|player_receptions|Over|3.5||Tyler Shough|player_pass_completions|Over|23.5,Tyler Shough,Devaughn Vele,COMPLETIONS__RECEPTIONS,A,0.25803415231969434,0.2995842,0.34013571867390974,False,True,2,0,True,True,,,draftkings,True,148,0.4032258064516129,-6.309008777770314,207,0.8076,
2026-10-05T20:45:49Z,2026-10-05T20:45:20Z,32677,2026-10-06T00:15:00Z,3.49,Juwan Johnson|player_receptions|Over|3.5||Tyler Shough|player_pass_completions|Over|23.5,Tyler Shough,Juwan Johnson,COMPLETIONS__RECEPTIONS,A,0.2567339180009476,0.2931992,0.33380530260038815,False,True,2,1,True,True,,,fanduel,False,,,,,,http 422
2026-10-05T20:45:49Z,2026-10-05T20:45:20Z,32677,2026-10-06T00:15:00Z,3.49,Juwan Johnson|player_receptions|Over|3.5||Tyler Shough|player_pass_completions|Over|23.5,Tyler Shough,Juwan Johnson,COMPLETIONS__RECEPTIONS,A,0.2567339180009476,0.2931992,0.33380530260038815,False,True,2,1,True,True,,,draftkings,True,134,0.42735042735042733,-9.354512475003919,186,0.8175,
2026-10-05T20:45:49Z,2026-10-05T20:45:20Z,32677,2026-10-06T00:15:00Z,3.49,Chris Olave|player_receptions|Over|6.5||Tyler Shough|player_pass_completions|Over|23.5,Tyler Shough,Chris Olave,COMPLETIONS__RECEPTIONS,A,0.25803415231969434,0.27542336,0.31675465301042366,False,True,2,0,True,True,,,fanduel,False,,,,,,http 422
2026-10-05T20:45:49Z,2026-10-05T20:45:20Z,32677,2026-10-06T00:15:00Z,3.49,Chris Olave|player_receptions|Over|6.5||Tyler Shough|player_pass_completions|Over|23.5,Tyler Shough,Chris Olave,COMPLETIONS__RECEPTIONS,A,0.25803415231969434,0.27542336,0.31675465301042366,False,True,2,0,True,True,,,draftkings,True,140,0.4166666666666667,-9.991201365624303,216,0.76,
2026-10-05T20:45:49Z,2026-10-05T20:45:20Z,32677,2026-10-06T00:15:00Z,3.49,Chris Olave|player_receptions|Under|6.5||Tyler Shough|player_pass_completions|Under|23.5,Tyler Shough,Chris Olave,COMPLETIONS__RECEPTIONS,A,0.25803415231969434,0.22542336000000004,0.26675465172958973,False,True,0,0,True,True,,,fanduel,False,,,,,,http 422
2026-10-05T20:45:49Z,2026-10-05T20:45:20Z,32677,2026-10-06T00:15:00Z,3.49,Chris Olave|player_receptions|Under|6.5||Tyler Shough|player_pass_completions|Under|23.5,Tyler Shough,Chris Olave,COMPLETIONS__RECEPTIONS,A,0.25803415231969434,0.22542336000000004,0.26675465172958973,False,True,0,0,True,True,,,draftkings,True,184,0.352112676056338,-8.535802432674828,304,0.7022,
2026-10-05T20:45:49Z,2026-10-05T20:45:20Z,32677,2026-10-06T00:15:00Z,3.49,Juwan Johnson|player_receptions|Under|3.5||Tyler Shough|player_pass_completions|Under|23.5,Tyler Shough,Juwan Johnson,COMPLETIONS__RECEPTIONS,A,0.2567339180009476,0.2083992,0.24900530138277774,False,True,0,0,True,True,,,fanduel,False,,,,,,http 422
2026-10-05T20:45:49Z,2026-10-05T20:45:20Z,32677,2026-10-06T00:15:00Z,3.49,Juwan Johnson|player_receptions|Under|3.5||Tyler Shough|player_pass_completions|Under|23.5,Tyler Shough,Juwan Johnson,COMPLETIONS__RECEPTIONS,A,0.2567339180009476,0.2083992,0.24900530138277774,False,True,0,0,True,True,,,draftkings,False,,,,,,http 422
2026-10-05T20:45:49Z,2026-10-05T20:45:20Z,32677,2026-10-06T00:15:00Z,3.49,Devaughn Vele|player_receptions|Under|3.5||Tyler Shough|player_pass_completions|Under|23.5,Tyler Shough,Devaughn Vele,COMPLETIONS__RECEPTIONS,A,0.25803415231969434,0.2022842,0.2428357174890721,False,True,0,0,True,True,,,fanduel,False,,,,,,http 422
2026-10-05T20:45:49Z,2026-10-05T20:45:20Z,32677,2026-10-06T00:15:00Z,3.49,Devaughn Vele|player_receptions|Under|3.5||Tyler Shough|player_pass_completions|Under|23.5,Tyler Shough,Devaughn Vele,COMPLETIONS__RECEPTIONS,A,0.25803415231969434,0.2022842,0.2428357174890721,False,True,0,0,True,True,,,draftkings,True,218,0.31446540880503143,-7.162969131595934,320,0.7574,
2026-10-05T20:45:49Z,2026-10-05T20:45:20Z,32677,2026-10-06T00:15:00Z,3.49,Alvin Kamara|player_receptions|Over|3.5||Tyler Shough|player_pass_completions|Over|23.5,Tyler Shough,Alvin Kamara,COMPLETIONS__RECEPTIONS,A,0.2690810140451369,0.19737312,0.2388577395582353,False,True,2,7,True,True,,,fanduel,False,,,,,,http 422
2026-10-05T20:45:49Z,2026-10-05T20:45:20Z,32677,2026-10-06T00:15:00Z,3.49,Alvin Kamara|player_receptions|Over|3.5||Tyler Shough|player_pass_completions|Over|23.5,Tyler Shough,Alvin Kamara,COMPLETIONS__RECEPTIONS,A,0.2690810140451369,0.19737312,0.2388577395582353,False,True,2,7,True,True,,,draftkings,True,228,0.3048780487804878,-6.602030922225249,338,0.7491,
2026-10-05T23:27:34Z,2026-10-05T23:24:55Z,32677,2026-10-06T00:15:00Z,0.79,Devaughn Vele|player_receptions|Over|3.5||Tyler Shough|player_pass_completions|Over|23.5,Tyler Shough,Devaughn Vele,COMPLETIONS__RECEPTIONS,A,0.25803415231969434,0.2998396,0.34037963220623296,False,True,2,0,True,True,,,fanduel,False,,,,,,http 422
2026-10-05T23:27:34Z,2026-10-05T23:24:55Z,32677,2026-10-06T00:15:00Z,0.79,Devaughn Vele|player_receptions|Over|3.5||Tyler Shough|player_pass_completions|Over|23.5,Tyler Shough,Devaughn Vele,COMPLETIONS__RECEPTIONS,A,0.25803415231969434,0.2998396,0.34037963220623296,False,True,2,0,True,True,,,draftkings,True,144,0.4098360655737705,-6.945643336753754,204,0.8018,
2026-10-05T23:27:34Z,2026-10-05T23:24:55Z,32677,2026-10-06T00:15:00Z,0.79,Alvin Kamara|player_receptions|Under|3.5||Tyler Shough|player_pass_completions|Under|23.5,Tyler Shough,Alvin Kamara,COMPLETIONS__RECEPTIONS,A,0.2690810140451369,0.29684656000000004,0.33854555656909385,False,True,0,0,True,True,,,fanduel,False,,,,,,http 422
2026-10-05T23:27:34Z,2026-10-05T23:24:55Z,32677,2026-10-06T00:15:00Z,0.79,Alvin Kamara|player_receptions|Under|3.5||Tyler Shough|player_pass_completions|Under|23.5,Tyler Shough,Alvin Kamara,COMPLETIONS__RECEPTIONS,A,0.2690810140451369,0.29684656000000004,0.33854555656909385,False,True,0,0,True,True,,,draftkings,False,,,,,,http 422
2026-10-05T23:27:34Z,2026-10-05T23:24:55Z,32677,2026-10-06T00:15:00Z,0.79,Chris Olave|player_receptions|Over|6.5||Tyler Shough|player_pass_completions|Over|23.5,Tyler Shough,Chris Olave,COMPLETIONS__RECEPTIONS,A,0.25803415231969434,0.27986732000000003,0.32110052239042525,False,True,2,0,True,True,,,fanduel,False,,,,,,http 422
2026-10-05T23:27:34Z,2026-10-05T23:24:55Z,32677,2026-10-06T00:15:00Z,0.79,Chris Olave|player_receptions|Over|6.5||Tyler Shough|player_pass_completions|Over|23.5,Tyler Shough,Chris Olave,COMPLETIONS__RECEPTIONS,A,0.25803415231969434,0.27986732000000003,0.32110052239042525,False,True,2,0,True,True,,,draftkings,True,140,0.4166666666666667,-9.556614427624144,216,0.7585,
2026-10-05T23:27:34Z,2026-10-05T23:24:55Z,32677,2026-10-06T00:15:00Z,0.79,Juwan Johnson|player_receptions|Under|4.5||Tyler Shough|player_pass_completions|Under|23.5,Tyler Shough,Juwan Johnson,COMPLETIONS__RECEPTIONS,A,0.2567339180009476,0.27179952,0.3126755048256668,False,True,0,0,True,True,,,fanduel,False,,,,,,http 422
2026-10-05T23:27:34Z,2026-10-05T23:24:55Z,32677,2026-10-06T00:15:00Z,0.79,Juwan Johnson|player_receptions|Under|4.5||Tyler Shough|player_pass_completions|Under|23.5,Tyler Shough,Juwan Johnson,COMPLETIONS__RECEPTIONS,A,0.2567339180009476,0.27179952,0.3126755048256668,False,True,0,0,True,True,,,draftkings,True,152,0.3968253968253968,-8.414989199973,222,0.7836,
2026-10-05T23:27:34Z,2026-10-05T23:24:55Z,32677,2026-10-06T00:15:00Z,0.79,Juwan Johnson|player_receptions|Over|4.5||Tyler Shough|player_pass_completions|Over|23.5,Tyler Shough,Juwan Johnson,COMPLETIONS__RECEPTIONS,A,0.2567339180009476,0.22699952000000004,0.26787550608296945,False,True,2,2,True,True,,,fanduel,False,,,,,,http 422
2026-10-05T23:27:34Z,2026-10-05T23:24:55Z,32677,2026-10-06T00:15:00Z,0.79,Juwan Johnson|player_receptions|Over|4.5||Tyler Shough|player_pass_completions|Over|23.5,Tyler Shough,Juwan Johnson,COMPLETIONS__RECEPTIONS,A,0.2567339180009476,0.22699952000000004,0.26787550608296945,False,True,2,2,True,True,,,draftkings,True,198,0.33557046979865773,-6.769496371568828,301,0.7428,
2026-10-05T23:27:34Z,2026-10-05T23:24:55Z,32677,2026-10-06T00:15:00Z,0.79,Chris Olave|player_receptions|Under|6.5||Tyler Shough|player_pass_completions|Under|23.5,Tyler Shough,Chris Olave,COMPLETIONS__RECEPTIONS,A,0.25803415231969434,0.22116732,0.2624005211179204,False,True,0,0,True,True,,,fanduel,False,,,,,,http 422
2026-10-05T23:27:34Z,2026-10-05T23:24:55Z,32677,2026-10-06T00:15:00Z,0.79,Chris Olave|player_receptions|Under|6.5||Tyler Shough|player_pass_completions|Under|23.5,Tyler Shough,Chris Olave,COMPLETIONS__RECEPTIONS,A,0.25803415231969434,0.22116732,0.2624005211179204,False,True,0,0,True,True,,,draftkings,True,188,0.3472222222222222,-8.482170110430182,304,0.7123,
2026-10-05T23:27:34Z,2026-10-05T23:24:55Z,32677,2026-10-06T00:15:00Z,0.79,Devaughn Vele|player_receptions|Under|3.5||Tyler Shough|player_pass_completions|Under|23.5,Tyler Shough,Devaughn Vele,COMPLETIONS__RECEPTIONS,A,0.25803415231969434,0.20203959999999999,0.2425796310227014,False,True,0,0,True,True,,,fanduel,False,,,,,,http 422
2026-10-05T23:27:34Z,2026-10-05T23:24:55Z,32677,2026-10-06T00:15:00Z,0.79,Devaughn Vele|player_receptions|Under|3.5||Tyler Shough|player_pass_completions|Under|23.5,Tyler Shough,Devaughn Vele,COMPLETIONS__RECEPTIONS,A,0.25803415231969434,0.20203959999999999,0.2425796310227014,False,True,0,0,True,True,,,draftkings,True,216,0.31645569620253167,-7.387606517983028,326,0.7425,
2026-10-05T23:27:34Z,2026-10-05T23:24:55Z,32677,2026-10-06T00:15:00Z,0.79,Alvin Kamara|player_receptions|Over|3.5||Tyler Shough|player_pass_completions|Over|23.5,Tyler Shough,Alvin Kamara,COMPLETIONS__RECEPTIONS,A,0.2690810140451369,0.20084656,0.24254555794385738,False,True,2,8,True,True,,,fanduel,False,,,,,,http 422
2026-10-05T23:27:34Z,2026-10-05T23:24:55Z,32677,2026-10-06T00:15:00Z,0.79,Alvin Kamara|player_receptions|Over|3.5||Tyler Shough|player_pass_completions|Over|23.5,Tyler Shough,Alvin Kamara,COMPLETIONS__RECEPTIONS,A,0.2690810140451369,0.20084656,0.24254555794385738,False,True,2,8,True,True,,,draftkings,True,226,0.3067484662576687,-6.420290831381134,344,0.735,
2026-10-08T12:26:10Z,2026-10-08T12:21:27Z,32678,2026-10-09T00:15:00Z,11.81,Emeka Egbuka|player_receptions|Over|2.5||Jalon Daniels|player_pass_completions|Over|17.5,Jalon Daniels,Emeka Egbuka,COMPLETIONS__RECEPTIONS,A,0.25803415231969434,0.33118516,0.3692877750149097,False,True,0,1,True,True,,,fanduel,False,,,,,,http 422
2026-10-08T12:26:10Z,2026-10-08T12:21:27Z,32678,2026-10-09T00:15:00Z,11.81,Emeka Egbuka|player_receptions|Over|2.5||Jalon Daniels|player_pass_completions|Over|17.5,Jalon Daniels,Emeka Egbuka,COMPLETIONS__RECEPTIONS,A,0.25803415231969434,0.33118516,0.3692877750149097,False,True,0,1,True,True,,,draftkings,True,138,0.42016806722689076,-5.088029221198104,197,0.8014,
2026-10-08T12:26:10Z,2026-10-08T12:21:27Z,32678,2026-10-09T00:15:00Z,11.81,Emeka Egbuka|player_receptions|Over|2.5||Jalon Daniels|player_pass_yds|Over|181.5,Jalon Daniels,Emeka Egbuka,PASS_YDS__RECEPTIONS,B,0.23931098620281352,0.33118516,0.366474963612035,False,True,0,1,True,True,,,fanduel,False,,,,,,http 422
2026-10-08T12:26:10Z,2026-10-08T12:21:27Z,32678,2026-10-09T00:15:00Z,11.81,Emeka Egbuka|player_receptions|Over|2.5||Jalon Daniels|player_pass_yds|Over|181.5,Jalon Daniels,Emeka Egbuka,PASS_YDS__RECEPTIONS,B,0.23931098620281352,0.33118516,0.366474963612035,False,True,0,1,True,True,,,draftkings,True,140,0.4166666666666667,-5.019170305463167,196,0.8116,
2026-10-08T12:26:10Z,2026-10-08T12:21:27Z,32678,2026-10-09T00:15:00Z,11.81,Emeka Egbuka|player_receptions|Over|2.5||Jalon Daniels|player_pass_attempts|Over|28.5,Jalon Daniels,Emeka Egbuka,ATTEMPTS__RECEPTIONS,B,0.21120634316686865,0.33395547999999997,0.36505467787337037,False,True,0,1,True,True,,,fanduel,False,,,,,,http 422
2026-10-08T12:26:10Z,2026-10-08T12:21:27Z,32678,2026-10-09T00:15:00Z,11.81,Emeka Egbuka|player_receptions|Over|2.5||Jalon Daniels|player_pass_attempts|Over|28.5,Jalon Daniels,Emeka Egbuka,ATTEMPTS__RECEPTIONS,B,0.21120634316686865,0.33395547999999997,0.36505467787337037,False,True,0,1,True,True,,,draftkings,True,140,0.4166666666666667,-5.161198879329632,191,0.8252,
2026-10-08T12:26:10Z,2026-10-08T12:21:27Z,32678,2026-10-09T00:15:00Z,11.81,CeeDee Lamb|player_receptions|Over|5.5||Dak Prescott|player_pass_attempts|Over|33.5,Dak Prescott,CeeDee Lamb,ATTEMPTS__RECEPTIONS,B,0.21120634316686865,0.31377952,0.3468220846104198,False,True,2,0,True,True,,,fanduel,False,,,,,,http 422
2026-10-08T12:26:10Z,2026-10-08T12:21:27Z,32678,2026-10-09T00:15:00Z,11.81,CeeDee Lamb|player_receptions|Over|5.5||Dak Prescott|player_pass_attempts|Over|33.5,Dak Prescott,CeeDee Lamb,ATTEMPTS__RECEPTIONS,B,0.21120634316686865,0.31377952,0.3468220846104198,False,True,2,0,True,True,,,draftkings,True,124,0.44642857142857145,-9.960648681815165,169,0.8341,
2026-10-08T12:26:10Z,2026-10-08T12:21:27Z,32678,2026-10-09T00:15:00Z,11.81,Dak Prescott|player_pass_completions|Under|23.5||Ryan Flournoy|player_receptions|Under|3.5,Dak Prescott,Ryan Flournoy,COMPLETIONS__RECEPTIONS,A,0.25803415231969434,0.2962674,0.3370513861509314,False,True,0,0,True,True,,,fanduel,False,,,,,,http 422
2026-10-08T12:26:10Z,2026-10-08T12:21:27Z,32678,2026-10-09T00:15:00Z,11.81,Dak Prescott|player_pass_completions|Under|23.5||Ryan Flournoy|player_receptions|Under|3.5,Dak Prescott,Ryan Flournoy,COMPLETIONS__RECEPTIONS,A,0.25803415231969434,0.2962674,0.3370513861509314,False,True,0,0,True,True,,,draftkings,True,136,0.423728813559322,-8.667742740839063,185,0.8268,
2026-10-08T12:26:10Z,2026-10-08T12:21:27Z,32678,2026-10-09T00:15:00Z,11.81,Bucky Irving|player_receptions|Under|2.5||Jalon Daniels|player_pass_completions|Under|17.5,Jalon Daniels,Bucky Irving,COMPLETIONS__RECEPTIONS,A,0.2690810140451369,0.28395237,0.3266141149143207,False,True,0,0,True,True,,,fanduel,False,,,,,,http 422
2026-10-08T12:26:10Z,2026-10-08T12:21:27Z,32678,2026-10-09T00:15:00Z,11.81,Bucky Irving|player_receptions|Under|2.5||Jalon Daniels|player_pass_completions|Under|17.5,Jalon Daniels,Bucky Irving,COMPLETIONS__RECEPTIONS,A,0.2690810140451369,0.28395237,0.3266141149143207,False,True,0,0,True,True,,,draftkings,True,142,0.4132231404958678,-8.66090255815471,198,0.811,
2026-10-08T12:26:10Z,2026-10-08T12:21:27Z,32678,2026-10-09T00:15:00Z,11.81,CeeDee Lamb|player_receptions|Over|5.5||Dak Prescott|player_pass_completions|Over|23.5,Dak Prescott,CeeDee Lamb,COMPLETIONS__RECEPTIONS,A,0.25803415231969434,0.28277456,0.32332245735187576,False,True,0,0,True,True,,,fanduel,False,,,,,,http 422
2026-10-08T12:26:10Z,2026-10-08T12:21:27Z,32678,2026-10-09T00:15:00Z,11.81,CeeDee Lamb|player_receptions|Over|5.5||Dak Prescott|player_pass_completions|Over|23.5,Dak Prescott,CeeDee Lamb,COMPLETIONS__RECEPTIONS,A,0.25803415231969434,0.28277456,0.32332245735187576,False,True,0,0,True,True,,,draftkings,True,142,0.4132231404958678,-8.990068314399203,204,0.7959,
2026-10-08T12:26:10Z,2026-10-08T12:21:27Z,32678,2026-10-09T00:15:00Z,11.81,Bucky Irving|player_receptions|Under|2.5||Jalon Daniels|player_pass_attempts|Under|28.5,Jalon Daniels,Bucky Irving,ATTEMPTS__RECEPTIONS,B,0.22452237672530106,0.28155711000000005,0.31701148681597524,False,True,0,0,True,True,,,fanduel,False,,,,,,http 422
2026-10-08T12:26:10Z,2026-10-08T12:21:27Z,32678,2026-10-09T00:15:00Z,11.81,Bucky Irving|player_receptions|Under|2.5||Jalon Daniels|player_pass_attempts|Under|28.5,Jalon Daniels,Bucky Irving,ATTEMPTS__RECEPTIONS,B,0.22452237672530106,0.28155711000000005,0.31701148681597524,False,True,0,0,True,True,,,draftkings,True,156,0.390625,-7.361351318402476,206,0.8368,
2026-10-08T13:50:48Z,2026-10-08T13:50:32Z,32678,2026-10-09T00:15:00Z,10.4,Emeka Egbuka|player_receptions|Over|2.5||Jalon Daniels|player_pass_completions|Over|17.5,Jalon Daniels,Emeka Egbuka,COMPLETIONS__RECEPTIONS,A,0.25803415231969434,0.33118516,0.3692877750149097,False,True,0,2,True,True,,,fanduel,False,,,,,,http 422
2026-10-08T13:50:48Z,2026-10-08T13:50:32Z,32678,2026-10-09T00:15:00Z,10.4,Emeka Egbuka|player_receptions|Over|2.5||Jalon Daniels|player_pass_completions|Over|17.5,Jalon Daniels,Emeka Egbuka,COMPLETIONS__RECEPTIONS,A,0.25803415231969434,0.33118516,0.3692877750149097,False,True,0,2,True,True,,,draftkings,True,130,0.43478260869565216,-6.5494833680742435,185,0.808,
2026-10-08T13:50:48Z,2026-10-08T13:50:32Z,32678,2026-10-09T00:15:00Z,10.4,Emeka Egbuka|player_receptions|Over|2.5||Jalon Daniels|player_pass_yds|Over|181.5,Jalon Daniels,Emeka Egbuka,PASS_YDS__RECEPTIONS,B,0.23931098620281352,0.33395547999999997,0.3692602126823356,False,True,0,2,True,True,,,fanduel,False,,,,,,http 422
2026-10-08T13:50:48Z,2026-10-08T13:50:32Z,32678,2026-10-09T00:15:00Z,10.4,Emeka Egbuka|player_receptions|Over|2.5||Jalon Daniels|player_pass_yds|Over|181.5,Jalon Daniels,Emeka Egbuka,PASS_YDS__RECEPTIONS,B,0.23931098620281352,0.33395547999999997,0.3692602126823356,False,True,0,2,True,True,,,draftkings,True,138,0.42016806722689076,-5.090785454455515,192,0.8158,
2026-10-08T13:50:48Z,2026-10-08T13:50:32Z,32678,2026-10-09T00:15:00Z,10.4,Emeka Egbuka|player_receptions|Over|2.5||Jalon Daniels|player_pass_attempts|Over|28.5,Jalon Daniels,Emeka Egbuka,ATTEMPTS__RECEPTIONS,B,0.21120634316686865,0.33395547999999997,0.36505467787337037,False,True,0,2,True,True,,,fanduel,False,,,,,,http 422
2026-10-08T13:50:48Z,2026-10-08T13:50:32Z,32678,2026-10-09T00:15:00Z,10.4,Emeka Egbuka|player_receptions|Over|2.5||Jalon Daniels|player_pass_attempts|Over|28.5,Jalon Daniels,Emeka Egbuka,ATTEMPTS__RECEPTIONS,B,0.21120634316686865,0.33395547999999997,0.36505467787337037,False,True,0,2,True,True,,,draftkings,True,138,0.42016806722689076,-5.51133893535204,187,0.8295,
2026-10-08T13:50:48Z,2026-10-08T13:50:32Z,32678,2026-10-09T00:15:00Z,10.4,Bucky Irving|player_receptions|Under|2.5||Jalon Daniels|player_pass_completions|Under|17.5,Jalon Daniels,Bucky Irving,COMPLETIONS__RECEPTIONS,A,0.2690810140451369,0.28395237,0.3266141149143207,False,True,0,0,True,True,,,fanduel,False,,,,,,http 422
2026-10-08T13:50:48Z,2026-10-08T13:50:32Z,32678,2026-10-09T00:15:00Z,10.4,Bucky Irving|player_receptions|Under|2.5||Jalon Daniels|player_pass_completions|Under|17.5,Jalon Daniels,Bucky Irving,COMPLETIONS__RECEPTIONS,A,0.2690810140451369,0.28395237,0.3266141149143207,False,True,0,0,True,True,,,draftkings,True,148,0.4032258064516129,-7.661169153729219,207,0.8072,
2026-10-08T13:50:48Z,2026-10-08T13:50:32Z,32678,2026-10-09T00:15:00Z,10.4,Dak Prescott|player_pass_completions|Under|23.5||Ryan Flournoy|player_receptions|Under|3.5,Dak Prescott,Ryan Flournoy,COMPLETIONS__RECEPTIONS,A,0.25803415231969434,0.27854044,0.3195554819193696,False,True,0,0,True,True,,,fanduel,False,,,,,,http 422
2026-10-08T13:50:48Z,2026-10-08T13:50:32Z,32678,2026-10-09T00:15:00Z,10.4,Dak Prescott|player_pass_completions|Under|23.5||Ryan Flournoy|player_receptions|Under|3.5,Dak Prescott,Ryan Flournoy,COMPLETIONS__RECEPTIONS,A,0.25803415231969434,0.27854044,0.3195554819193696,False,True,0,0,True,True,,,draftkings,True,142,0.4132231404958678,-9.366765857649817,193,0.8269,
2026-10-08T13:50:48Z,2026-10-08T13:50:32Z,32678,2026-10-09T00:15:00Z,10.4,Bucky Irving|player_receptions|Under|2.5||Jalon Daniels|player_pass_attempts|Under|28.5,Jalon Daniels,Bucky Irving,ATTEMPTS__RECEPTIONS,B,0.22452237672530106,0.28155711000000005,0.31701148681597524,False,True,0,0,True,True,,,fanduel,False,,,,,,http 422
2026-10-08T13:50:48Z,2026-10-08T13:50:32Z,32678,2026-10-09T00:15:00Z,10.4,Bucky Irving|player_receptions|Under|2.5||Jalon Daniels|player_pass_attempts|Under|28.5,Jalon Daniels,Bucky Irving,ATTEMPTS__RECEPTIONS,B,0.22452237672530106,0.28155711000000005,0.31701148681597524,False,True,0,0,True,True,,,draftkings,True,156,0.390625,-7.361351318402476,206,0.8368,
2026-10-08T13:50:48Z,2026-10-08T13:50:32Z,32678,2026-10-09T00:15:00Z,10.4,Dak Prescott|player_pass_attempts|Over|33.5||Javonte Williams|player_receptions|Over|2.5,Dak Prescott,Javonte Williams,ATTEMPTS__RECEPTIONS,B,0.22452237672530106,0.27878352,0.31463613272313024,False,True,2,0,True,True,,,fanduel,False,,,,,,http 422
2026-10-08T13:50:48Z,2026-10-08T13:50:32Z,32678,2026-10-09T00:15:00Z,10.4,Dak Prescott|player_pass_attempts|Over|33.5||Javonte Williams|player_receptions|Over|2.5,Dak Prescott,Javonte Williams,ATTEMPTS__RECEPTIONS,B,0.22452237672530106,0.27878352,0.31463613272313024,False,True,2,0,True,True,,,draftkings,True,158,0.3875968992248062,-7.296076650167599,206,0.8427,
2026-10-08T13:50:48Z,2026-10-08T13:50:32Z,32678,2026-10-09T00:15:00Z,10.4,Cade Otton|player_receptions|Under|3.5||Jalon Daniels|player_pass_completions|Under|17.5,Jalon Daniels,Cade Otton,COMPLETIONS__RECEPTIONS,A,0.2567339180009476,0.27240109,0.3134253347704304,False,True,0,0,True,True,,,fanduel,False,,,,,,http 422
2026-10-08T13:50:48Z,2026-10-08T13:50:32Z,32678,2026-10-09T00:15:00Z,10.4,Cade Otton|player_receptions|Under|3.5||Jalon Daniels|player_pass_completions|Under|17.5,Jalon Daniels,Cade Otton,COMPLETIONS__RECEPTIONS,A,0.2567339180009476,0.27240109,0.3134253347704304,False,True,0,0,True,True,,,draftkings,True,160,0.38461538461538464,-7.119004984495425,245,0.7533,
2026-10-08T20:01:30Z,2026-10-08T20:01:15Z,32678,2026-10-09T00:15:00Z,4.22,Emeka Egbuka|player_receptions|Over|2.5||Jalon Daniels|player_pass_completions|Over|17.5,Jalon Daniels,Emeka Egbuka,COMPLETIONS__RECEPTIONS,A,0.25803415231969434,0.34707156,0.38589869236342705,False,True,0,2,True,True,,,fanduel,False,,,,,,http 422
2026-10-08T20:01:30Z,2026-10-08T20:01:15Z,32678,2026-10-09T00:15:00Z,4.22,Emeka Egbuka|player_receptions|Over|2.5||Jalon Daniels|player_pass_completions|Over|17.5,Jalon Daniels,Emeka Egbuka,COMPLETIONS__RECEPTIONS,A,0.25803415231969434,0.34707156,0.38589869236342705,False,True,0,2,True,True,,,draftkings,True,112,0.4716981132075472,-8.579942084412012,159,0.8191,
2026-10-08T20:01:30Z,2026-10-08T20:01:15Z,32678,2026-10-09T00:15:00Z,4.22,Emeka Egbuka|player_receptions|Over|2.5||Jalon Daniels|player_pass_yds|Over|182.5,Jalon Daniels,Emeka Egbuka,PASS_YDS__RECEPTIONS,B,0.23931098620281352,0.32757604,0.3635816416651769,False,True,0,2,True,True,,,fanduel,True,134,0.42735042735042733,-6.376878568525041,184,0.8281,
2026-10-08T20:01:30Z,2026-10-08T20:01:15Z,32678,2026-10-09T00:15:00Z,4.22,Emeka Egbuka|player_receptions|Over|2.5||Jalon Daniels|player_pass_yds|Over|182.5,Jalon Daniels,Emeka Egbuka,PASS_YDS__RECEPTIONS,B,0.23931098620281352,0.32757604,0.3635816416651769,False,True,0,2,True,True,,,draftkings,True,132,0.43103448275862066,-6.745284109344373,177,0.8378,
2026-10-08T20:01:30Z,2026-10-08T20:01:15Z,32678,2026-10-09T00:15:00Z,4.22,Emeka Egbuka|player_receptions|Over|2.5||Jalon Daniels|player_pass_attempts|Over|28.5,Jalon Daniels,Emeka Egbuka,ATTEMPTS__RECEPTIONS,B,0.21120634316686865,0.33039776,0.3621121595938553,False,True,0,2,True,True,,,fanduel,False,,,,,,http 422
2026-10-08T20:01:30Z,2026-10-08T20:01:15Z,32678,2026-10-09T00:15:00Z,4.22,Emeka Egbuka|player_receptions|Over|2.5||Jalon Daniels|player_pass_attempts|Over|28.5,Jalon Daniels,Emeka Egbuka,ATTEMPTS__RECEPTIONS,B,0.21120634316686865,0.33039776,0.3621121595938553,False,True,0,2,True,True,,,draftkings,True,124,0.44642857142857145,-8.431641183471616,165,0.8445,
2026-10-08T20:01:30Z,2026-10-08T20:01:15Z,32678,2026-10-09T00:15:00Z,4.22,Bucky Irving|player_receptions|Under|2.5||Jalon Daniels|player_pass_attempts|Under|28.5,Jalon Daniels,Bucky Irving,ATTEMPTS__RECEPTIONS,B,0.22452237672530106,0.29582495999999997,0.3303902289494756,False,True,0,0,True,True,,,fanduel,False,,,,,,http 422
2026-10-08T20:01:30Z,2026-10-08T20:01:15Z,32678,2026-10-09T00:15:00Z,4.22,Bucky Irving|player_receptions|Under|2.5||Jalon Daniels|player_pass_attempts|Under|28.5,Jalon Daniels,Bucky Irving,ATTEMPTS__RECEPTIONS,B,0.22452237672530106,0.29582495999999997,0.3303902289494756,False,True,0,0,True,True,,,draftkings,True,152,0.3968253968253968,-6.643516787592119,201,0.8371,
2026-10-08T20:01:30Z,2026-10-08T20:01:15Z,32678,2026-10-09T00:15:00Z,4.22,Dak Prescott|player_pass_attempts|Under|34.5||Ryan Flournoy|player_receptions|Under|3.5,Dak Prescott,Ryan Flournoy,ATTEMPTS__RECEPTIONS,B,0.21120634316686865,0.2897932,0.3232216636712475,False,True,0,0,True,True,,,fanduel,False,,,,,,http 422
2026-10-08T20:01:30Z,2026-10-08T20:01:15Z,32678,2026-10-09T00:15:00Z,4.22,Dak Prescott|player_pass_attempts|Under|34.5||Ryan Flournoy|player_receptions|Under|3.5,Dak Prescott,Ryan Flournoy,ATTEMPTS__RECEPTIONS,B,0.21120634316686865,0.2897932,0.3232216636712475,False,True,0,0,True,True,,,draftkings,True,142,0.4132231404958678,-9.000147682462028,191,0.8322,
2026-10-08T20:01:30Z,2026-10-08T20:01:15Z,32678,2026-10-09T00:15:00Z,4.22,Bucky Irving|player_receptions|Under|2.5||Jalon Daniels|player_pass_completions|Under|17.5,Jalon Daniels,Bucky Irving,COMPLETIONS__RECEPTIONS,A,0.2690810140451369,0.27995975999999995,0.3212171869724705,False,True,0,0,True,True,,,fanduel,False,,,,,,http 422
2026-10-08T20:01:30Z,2026-10-08T20:01:15Z,32678,2026-10-09T00:15:00Z,4.22,Bucky Irving|player_receptions|Under|2.5||Jalon Daniels|player_pass_completions|Under|17.5,Jalon Daniels,Bucky Irving,COMPLETIONS__RECEPTIONS,A,0.2690810140451369,0.27995975999999995,0.3212171869724705,False,True,0,0,True,True,,,draftkings,True,152,0.3968253968253968,-7.560820985292632,210,0.8128,
2026-10-08T20:01:30Z,2026-10-08T20:01:15Z,32678,2026-10-09T00:15:00Z,4.22,Dak Prescott|player_pass_completions|Over|23.5||George Pickens|player_receptions|Over|4.5,Dak Prescott,George Pickens,COMPLETIONS__RECEPTIONS,A,0.25803415231969434,0.2765696,0.3179510216003076,False,True,0,0,True,True,,,fanduel,False,,,,,,http 422
2026-10-08T20:01:30Z,2026-10-08T20:01:15Z,32678,2026-10-09T00:15:00Z,4.22,Dak Prescott|player_pass_completions|Over|23.5||George Pickens|player_receptions|Over|4.5,Dak Prescott,George Pickens,COMPLETIONS__RECEPTIONS,A,0.25803415231969434,0.2765696,0.3179510216003076,False,True,0,0,True,True,,,draftkings,True,166,0.37593984962406013,-5.798882802375255,236,0.7928,
2026-10-08T20:01:30Z,2026-10-08T20:01:15Z,32678,2026-10-09T00:15:00Z,4.22,Dak Prescott|player_pass_yds|Under|268.5||Ryan Flournoy|player_receptions|Under|3.5,Dak Prescott,Ryan Flournoy,PASS_YDS__RECEPTIONS,B,0.23931098620281352,0.27947565999999996,0.31742341523821543,False,True,0,0,True,True,,,fanduel,True,164,0.3787878787878788,-6.136446354966335,216,0.8388,
2026-10-08T20:01:30Z,2026-10-08T20:01:15Z,32678,2026-10-09T00:15:00Z,4.22,Dak Prescott|player_pass_yds|Under|268.5||Ryan Flournoy|player_receptions|Under|3.5,Dak Prescott,Ryan Flournoy,PASS_YDS__RECEPTIONS,B,0.23931098620281352,0.27947565999999996,0.31742341523821543,False,True,0,0,True,True,,,draftkings,False,,,,205,,not_quoted
2026-10-08T22:36:05Z,2026-10-08T22:34:06Z,32678,2026-10-09T00:15:00Z,1.65,Emeka Egbuka|player_receptions|Under|3.5||Jalon Daniels|player_pass_yds|Under|182.5,Jalon Daniels,Emeka Egbuka,PASS_YDS__RECEPTIONS,B,0.23931098620281352,0.28334464000000004,0.3209906801094851,False,True,0,0,True,True,,,fanduel,False,,,,,,http 422
2026-10-08T22:36:05Z,2026-10-08T22:34:06Z,32678,2026-10-09T00:15:00Z,1.65,Emeka Egbuka|player_receptions|Under|3.5||Jalon Daniels|player_pass_yds|Under|182.5,Jalon Daniels,Emeka Egbuka,PASS_YDS__RECEPTIONS,B,0.23931098620281352,0.28334464000000004,0.3209906801094851,False,True,0,0,True,True,,,draftkings,True,154,0.3937007874015748,-7.271010729208971,219,0.7953,
2026-10-08T22:36:05Z,2026-10-08T22:34:06Z,32678,2026-10-09T00:15:00Z,1.65,Bucky Irving|player_receptions|Under|2.5||Jalon Daniels|player_pass_attempts|Under|28.5,Jalon Daniels,Bucky Irving,ATTEMPTS__RECEPTIONS,B,0.22452237672530106,0.28292624,0.31807100705990005,False,True,0,0,True,True,,,fanduel,False,,,,,,http 422
2026-10-08T22:36:05Z,2026-10-08T22:34:06Z,32678,2026-10-09T00:15:00Z,1.65,Bucky Irving|player_receptions|Under|2.5||Jalon Daniels|player_pass_attempts|Under|28.5,Jalon Daniels,Bucky Irving,ATTEMPTS__RECEPTIONS,B,0.22452237672530106,0.28292624,0.31807100705990005,False,True,0,0,True,True,,,draftkings,True,158,0.3875968992248062,-6.952589216490618,213,0.8245,
2026-10-08T22:36:05Z,2026-10-08T22:34:06Z,32678,2026-10-09T00:15:00Z,1.65,Dak Prescott|player_pass_attempts|Under|34.5||Ryan Flournoy|player_receptions|Under|3.5,Dak Prescott,Ryan Flournoy,ATTEMPTS__RECEPTIONS,B,0.21120634316686865,0.28344542,0.31704436456749113,False,True,0,0,True,True,,,fanduel,False,,,,,,http 422
2026-10-08T22:36:05Z,2026-10-08T22:34:06Z,32678,2026-10-09T00:15:00Z,1.65,Dak Prescott|player_pass_attempts|Under|34.5||Ryan Flournoy|player_receptions|Under|3.5,Dak Prescott,Ryan Flournoy,ATTEMPTS__RECEPTIONS,B,0.21120634316686865,0.28344542,0.31704436456749113,False,True,0,0,True,True,,,draftkings,True,146,0.4065040650406504,-8.945970047315926,191,0.846,
2026-10-08T22:36:05Z,2026-10-08T22:34:06Z,32678,2026-10-09T00:15:00Z,1.65,Bucky Irving|player_receptions|Under|2.5||Jalon Daniels|player_pass_completions|Under|17.5,Jalon Daniels,Bucky Irving,COMPLETIONS__RECEPTIONS,A,0.2690810140451369,0.27362791999999997,0.31573700633634105,False,True,0,0,True,True,,,fanduel,False,,,,,,http 422
2026-10-08T22:36:05Z,2026-10-08T22:34:06Z,32678,2026-10-09T00:15:00Z,1.65,Bucky Irving|player_receptions|Under|2.5||Jalon Daniels|player_pass_completions|Under|17.5,Jalon Daniels,Bucky Irving,COMPLETIONS__RECEPTIONS,A,0.2690810140451369,0.27362791999999997,0.31573700633634105,False,True,0,0,True,True,,,draftkings,True,156,0.390625,-7.488799366365894,222,0.7944,
2026-10-08T22:36:05Z,2026-10-08T22:34:06Z,32678,2026-10-09T00:15:00Z,1.65,Emeka Egbuka|player_receptions|Under|3.5||Jalon Daniels|player_pass_attempts|Under|28.5,Jalon Daniels,Emeka Egbuka,ATTEMPTS__RECEPTIONS,B,0.21120634316686865,0.28021696,0.31334976338042886,False,True,0,0,True,True,,,fanduel,False,,,,,,http 422
2026-10-08T22:36:05Z,2026-10-08T22:34:06Z,32678,2026-10-09T00:15:00Z,1.65,Emeka Egbuka|player_receptions|Under|3.5||Jalon Daniels|player_pass_attempts|Under|28.5,Jalon Daniels,Emeka Egbuka,ATTEMPTS__RECEPTIONS,B,0.21120634316686865,0.28021696,0.31334976338042886,False,True,0,0,True,True,,,draftkings,True,164,0.3787878787878788,-6.543811540744993,232,0.7943,
2026-10-08T22:36:05Z,2026-10-08T22:34:06Z,32678,2026-10-09T00:15:00Z,1.65,Dak Prescott|player_pass_yds|Under|269.5||Ryan Flournoy|player_receptions|Under|3.5,Dak Prescott,Ryan Flournoy,PASS_YDS__RECEPTIONS,B,0.23931098620281352,0.27455,0.3127133228325187,False,True,0,0,True,True,,,fanduel,False,,,,,,http 422
2026-10-08T22:36:05Z,2026-10-08T22:34:06Z,32678,2026-10-09T00:15:00Z,1.65,Dak Prescott|player_pass_yds|Under|269.5||Ryan Flournoy|player_receptions|Under|3.5,Dak Prescott,Ryan Flournoy,PASS_YDS__RECEPTIONS,B,0.23931098620281352,0.27455,0.3127133228325187,False,True,0,0,True,True,,,draftkings,False,,,,,,http 422
2026-10-08T22:36:05Z,2026-10-08T22:34:06Z,32678,2026-10-09T00:15:00Z,1.65,Emeka Egbuka|player_receptions|Under|3.5||Jalon Daniels|player_pass_completions|Under|17.5,Jalon Daniels,Emeka Egbuka,COMPLETIONS__RECEPTIONS,A,0.25803415231969434,0.27100768000000003,0.31148239026638863,False,True,0,0,True,True,,,fanduel,False,,,,,,http 422
2026-10-08T22:36:05Z,2026-10-08T22:34:06Z,32678,2026-10-09T00:15:00Z,1.65,Emeka Egbuka|player_receptions|Under|3.5||Jalon Daniels|player_pass_completions|Under|17.5,Jalon Daniels,Emeka Egbuka,COMPLETIONS__RECEPTIONS,A,0.25803415231969434,0.27100768000000003,0.31148239026638863,False,True,0,0,True,True,,,draftkings,True,160,0.38461538461538464,-7.3132994348996005,242,0.7596,
2026-10-08T22:36:05Z,2026-10-08T22:34:06Z,32678,2026-10-09T00:15:00Z,1.65,Dak Prescott|player_pass_completions|Over|23.5||George Pickens|player_receptions|Over|4.5,Dak Prescott,George Pickens,COMPLETIONS__RECEPTIONS,A,0.25803415231969434,0.26919160000000003,0.3106262381811436,False,True,0,0,True,True,,,fanduel,False,,,,,,http 422
2026-10-08T22:36:05Z,2026-10-08T22:34:06Z,32678,2026-10-09T00:15:00Z,1.65,Dak Prescott|player_pass_completions|Over|23.5||George Pickens|player_receptions|Over|4.5,Dak Prescott,George Pickens,COMPLETIONS__RECEPTIONS,A,0.25803415231969434,0.26919160000000003,0.3106262381811436,False,True,0,0,True,True,,,draftkings,True,158,0.3875968992248062,-7.697066104366263,225,0.7945,
2026-10-11T02:34:53Z,2026-10-11T02:31:25Z,24872,2026-10-11T13:30:00Z,10.92,Darius Cooper|player_receptions|Under|2.5||Jalen Hurts|player_pass_completions|Under|18.5,Jalen Hurts,Darius Cooper,COMPLETIONS__RECEPTIONS,A,0.25803415231969434,0.2755453,0.3167980834364983,False,True,0,0,True,True,,,fanduel,False,,,,,,http 422
2026-10-11T02:34:53Z,2026-10-11T02:31:25Z,24872,2026-10-11T13:30:00Z,10.92,Darius Cooper|player_receptions|Under|2.5||Jalen Hurts|player_pass_completions|Under|18.5,Jalen Hurts,Darius Cooper,COMPLETIONS__RECEPTIONS,A,0.25803415231969434,0.2755453,0.3167980834364983,False,True,0,0,True,True,,,draftkings,True,156,0.390625,-7.382691656350171,218,0.8038,
2026-10-11T02:34:53Z,2026-10-11T02:31:25Z,24872,2026-10-11T13:30:00Z,10.92,Parker Washington|player_reception_yds|Over|60.5||Trevor Lawrence|player_pass_yds|Over|225.5,Trevor Lawrence,Parker Washington,PASS_YDS__REC_YDS,A,0.30424078103150837,0.25895712,0.30812898319547655,False,True,0,0,True,True,,,fanduel,True,157,0.38910505836575876,-8.097607517028221,255,0.7236,
2026-10-11T02:34:53Z,2026-10-11T02:31:25Z,24872,2026-10-11T13:30:00Z,10.92,Parker Washington|player_reception_yds|Over|60.5||Trevor Lawrence|player_pass_yds|Over|225.5,Trevor Lawrence,Parker Washington,PASS_YDS__REC_YDS,A,0.30424078103150837,0.25895712,0.30812898319547655,False,True,0,0,True,True,,,draftkings,False,,,,,,http 422
2026-10-11T02:34:53Z,2026-10-11T02:31:25Z,24872,2026-10-11T13:30:00Z,10.92,Dallas Goedert|player_receptions|Under|4.5||Jalen Hurts|player_pass_completions|Under|18.5,Jalen Hurts,Dallas Goedert,COMPLETIONS__RECEPTIONS,A,0.2567339180009476,0.26631844,0.30753774527533617,False,True,0,3,True,True,,,fanduel,False,,,,,,http 422
2026-10-11T02:34:53Z,2026-10-11T02:31:25Z,24872,2026-10-11T13:30:00Z,10.92,Dallas Goedert|player_receptions|Under|4.5||Jalen Hurts|player_pass_completions|Under|18.5,Jalen Hurts,Dallas Goedert,COMPLETIONS__RECEPTIONS,A,0.2567339180009476,0.26631844,0.30753774527533617,False,True,0,3,True,True,,,draftkings,True,150,0.4,-9.246225472466385,231,0.7546,
2026-10-11T02:34:53Z,2026-10-11T02:31:25Z,24872,2026-10-11T13:30:00Z,10.92,Parker Washington|player_receptions|Over|4.5||Trevor Lawrence|player_pass_yds|Over|225.5,Trevor Lawrence,Parker Washington,PASS_YDS__RECEPTIONS,B,0.23931098620281352,0.26687306,0.3052295021632496,False,True,0,4,True,True,,,fanduel,True,157,0.38910505836575876,-8.387555620250915,233,0.771,
2026-10-11T02:34:53Z,2026-10-11T02:31:25Z,24872,2026-10-11T13:30:00Z,10.92,Parker Washington|player_receptions|Over|4.5||Trevor Lawrence|player_pass_yds|Over|225.5,Trevor Lawrence,Parker Washington,PASS_YDS__RECEPTIONS,B,0.23931098620281352,0.26687306,0.3052295021632496,False,True,0,4,True,True,,,draftkings,False,,,,247,,not_quoted
2026-10-11T02:34:53Z,2026-10-11T02:31:25Z,24872,2026-10-11T13:30:00Z,10.92,Jakobi Meyers|player_reception_yds|Over|41.5||Trevor Lawrence|player_pass_yds|Over|225.5,Trevor Lawrence,Jakobi Meyers,PASS_YDS__REC_YDS,A,0.30424078103150837,0.25421763999999997,0.3034142600659509,False,True,0,0,True,True,,,fanduel,True,171,0.36900369003690037,-6.558942997094946,255,0.763,
2026-10-11T02:34:53Z,2026-10-11T02:31:25Z,24872,2026-10-11T13:30:00Z,10.92,Jakobi Meyers|player_reception_yds|Over|41.5||Trevor Lawrence|player_pass_yds|Over|225.5,Trevor Lawrence,Jakobi Meyers,PASS_YDS__REC_YDS,A,0.30424078103150837,0.25421763999999997,0.3034142600659509,False,True,0,0,True,True,,,draftkings,False,,,,,,http 422
2026-10-11T02:34:53Z,2026-10-11T02:31:25Z,24872,2026-10-11T13:30:00Z,10.92,Brenton Strange|player_reception_yds|Under|33.5||Trevor Lawrence|player_pass_yds|Under|225.5,Trevor Lawrence,Brenton Strange,PASS_YDS__REC_YDS,B,0.21889110444728782,0.26693872,0.30188921651924483,False,True,0,0,True,True,,,fanduel,True,177,0.36101083032490977,-5.912161380566494,255,0.7816,
2026-10-11T02:34:53Z,2026-10-11T02:31:25Z,24872,2026-10-11T13:30:00Z,10.92,Brenton Strange|player_reception_yds|Under|33.5||Trevor Lawrence|player_pass_yds|Under|225.5,Trevor Lawrence,Brenton Strange,PASS_YDS__REC_YDS,B,0.21889110444728782,0.26693872,0.30188921651924483,False,True,0,0,True,True,,,draftkings,False,,,,,,http 422
2026-10-11T02:34:53Z,2026-10-11T02:31:25Z,24872,2026-10-11T13:30:00Z,10.92,Josh Cameron|player_reception_yds|Over|11.5||Trevor Lawrence|player_pass_yds|Over|225.5,Trevor Lawrence,Josh Cameron,PASS_YDS__REC_YDS,A,0.30424078103150837,0.2521,0.3012985590880381,False,True,0,0,True,True,,,fanduel,True,189,0.3460207612456747,-4.472220215763661,255,0.8147,
2026-10-11T02:34:53Z,2026-10-11T02:31:25Z,24872,2026-10-11T13:30:00Z,10.92,Josh Cameron|player_reception_yds|Over|11.5||Trevor Lawrence|player_pass_yds|Over|225.5,Trevor Lawrence,Josh Cameron,PASS_YDS__REC_YDS,A,0.30424078103150837,0.2521,0.3012985590880381,False,True,0,0,True,True,,,draftkings,False,,,,,,http 422
2026-10-11T02:34:53Z,2026-10-11T02:31:25Z,24872,2026-10-11T13:30:00Z,10.92,Jalen Hurts|player_pass_completions|Under|18.5||Will Shipley|player_receptions|Under|2.5,Jalen Hurts,Will Shipley,COMPLETIONS__RECEPTIONS,A,0.2690810140451369,0.25739409999999996,0.30073789800415085,False,True,0,0,True,True,,,fanduel,False,,,,,,http 422
2026-10-11T02:34:53Z,2026-10-11T02:31:25Z,24872,2026-10-11T13:30:00Z,10.92,Jalen Hurts|player_pass_completions|Under|18.5||Will Shipley|player_receptions|Under|2.5,Jalen Hurts,Will Shipley,COMPLETIONS__RECEPTIONS,A,0.2690810140451369,0.25739409999999996,0.30073789800415085,False,True,0,0,True,True,,,draftkings,True,162,0.3816793893129771,-8.094149130882627,231,0.7908,
