ts,snapshot_ts,target_date,week_key,hours_to_first_kick,timing_bucket,variant,family,rule,selector,slip_no,qualified_legs,valid_pairs,decision,selection_key,legs,book,price,fair_joint_prob,break_even_prob,model_edge_pct,persistence_min,meta_coverage,resolution,pnl,brier,calibration_error,clv_legs,avg_clv_implied_pp,beat_close_legs,settled_ts,note
2026-10-05T12:28:08Z,2026-10-05T12:27:56Z,2026-10-05,2026-10-05,11.78,T-12h,OFF_V1,official_mirror,BOV + DK · REC >2.5,official,1,0,0,no_play,,[],,,,,,,0.542,,,,,,,,,SHADOW_DIAGNOSTIC · never an official forward decision
2026-10-05T12:28:08Z,2026-10-05T12:27:56Z,2026-10-05,2026-10-05,11.78,T-12h,OFF_V2,official_mirror,BOV + DK · REC >1.5,official,1,0,0,no_play,,[],,,,,,,0.542,,,,,,,,,SHADOW_DIAGNOSTIC · never an official forward decision
2026-10-05T12:28:08Z,2026-10-05T12:27:56Z,2026-10-05,2026-10-05,11.78,T-12h,OFF_V3,official_mirror,BOV confirm · REC >1.5,official,1,0,0,no_play,,[],,,,,,,0.542,,,,,,,,,SHADOW_DIAGNOSTIC · never an official forward decision
2026-10-05T12:28:08Z,2026-10-05T12:27:56Z,2026-10-05,2026-10-05,11.78,T-12h,OFF_V4,official_mirror,DK confirm · REC >1.5,official,1,1,0,no_play,,[],,,,,,,0.542,,,,,,,,,SHADOW_DIAGNOSTIC · never an official forward decision
2026-10-05T12:28:08Z,2026-10-05T12:27:56Z,2026-10-05,2026-10-05,11.78,T-12h,OFF_V5,official_mirror,Any 2 confirms · REC >1.5,official,1,0,0,no_play,,[],,,,,,,0.542,,,,,,,,,SHADOW_DIAGNOSTIC · never an official forward decision
2026-10-05T12:28:08Z,2026-10-05T12:27:56Z,2026-10-05,2026-10-05,11.78,T-12h,OFF_V6,official_mirror,Any 3 confirms · REC >1.5,official,1,0,0,no_play,,[],,,,,,,0.542,,,,,,,,,SHADOW_DIAGNOSTIC · never an official forward decision
2026-10-05T12:28:08Z,2026-10-05T12:27:56Z,2026-10-05,2026-10-05,11.78,T-12h,OFF_V7,official_mirror,Needs actual parlay quote,official,1,0,0,no_play,,[],,,,,,,0.542,,,,,,,,,SHADOW_DIAGNOSTIC · never an official forward decision
2026-10-05T12:28:08Z,2026-10-05T12:27:56Z,2026-10-05,2026-10-05,11.78,T-12h,OFF_V8,official_mirror,V3 pool · up to 2 independent,official,1,0,0,no_play,,[],,,,,,,0.542,,,,,,,,,SHADOW_DIAGNOSTIC · never an official forward decision
2026-10-05T12:28:08Z,2026-10-05T12:27:56Z,2026-10-05,2026-10-05,11.78,T-12h,A_MIN4,gate,V2 but min_books=4,max_joint,1,0,0,no_play,,[],,,,,,,0.542,,,,,,,,,SHADOW_DIAGNOSTIC · never an official forward decision
2026-10-05T12:28:08Z,2026-10-05T12:27:56Z,2026-10-05,2026-10-05,11.78,T-12h,A_NODEPTH,gate,V2 without reception-depth gate,max_joint,1,0,0,no_play,,[],,,,,,,0.542,,,,,,,,,SHADOW_DIAGNOSTIC · never an official forward decision
2026-10-05T12:28:08Z,2026-10-05T12:27:56Z,2026-10-05,2026-10-05,11.78,T-12h,A_FAIR3565,gate,V2 with fair range 35–65%,max_joint,1,0,0,no_play,,[],,,,,,,0.542,,,,,,,,,SHADOW_DIAGNOSTIC · never an official forward decision
2026-10-05T12:28:08Z,2026-10-05T12:27:56Z,2026-10-05,2026-10-05,11.78,T-12h,A_EDGE3,gate,V2 plus pair edge >=3%,max_joint,1,0,0,no_play,,[],,,,,,,0.542,,,,,,,,,SHADOW_DIAGNOSTIC · never an official forward decision
2026-10-05T12:28:08Z,2026-10-05T12:27:56Z,2026-10-05,2026-10-05,11.78,T-12h,A_EDGE5,gate,V2 plus pair edge >=5%,max_joint,1,0,0,no_play,,[],,,,,,,0.542,,,,,,,,,SHADOW_DIAGNOSTIC · never an official forward decision
2026-10-05T12:28:08Z,2026-10-05T12:27:56Z,2026-10-05,2026-10-05,11.78,T-12h,A_PERSIST2,gate,V2; both legs seen >=2 snapshots,max_joint,1,0,0,no_play,,[],,,,,,,0.542,,,,,,,,,SHADOW_DIAGNOSTIC · never an official forward decision
2026-10-05T12:28:08Z,2026-10-05T12:27:56Z,2026-10-05,2026-10-05,11.78,T-12h,A_PERSIST3,gate,V2; both legs seen >=3 snapshots,max_joint,1,0,0,no_play,,[],,,,,,,0.542,,,,,,,,,SHADOW_DIAGNOSTIC · never an official forward decision
2026-10-05T12:28:08Z,2026-10-05T12:27:56Z,2026-10-05,2026-10-05,11.78,T-12h,A_FRESH300,gate,V2; confirming quotes seen <=300s ago,max_joint,1,0,0,no_play,,[],,,,,,,0.542,,,,,,,,,SHADOW_DIAGNOSTIC · never an official forward decision
2026-10-05T12:28:08Z,2026-10-05T12:27:56Z,2026-10-05,2026-10-05,11.78,T-12h,A_MAINLINE,gate,V2; representative Pinnacle leg must be main-line,max_joint,1,0,0,no_play,,[],,,,,,,0.542,,,,,,,,,SHADOW_DIAGNOSTIC · never an official forward decision
2026-10-05T12:28:08Z,2026-10-05T12:27:56Z,2026-10-05,2026-10-05,11.78,T-12h,S_MAXEDGE,selector,V2 pool; maximize reconstructed edge,max_edge,1,0,0,no_play,,[],,,,,,,0.542,,,,,,,,,SHADOW_DIAGNOSTIC · never an official forward decision
2026-10-05T12:28:08Z,2026-10-05T12:27:56Z,2026-10-05,2026-10-05,11.78,T-12h,S_MAXMINP,selector,V2 pool; maximize weaker leg probability,max_min_prob,1,0,0,no_play,,[],,,,,,,0.542,,,,,,,,,SHADOW_DIAGNOSTIC · never an official forward decision
2026-10-05T12:28:08Z,2026-10-05T12:27:56Z,2026-10-05,2026-10-05,11.78,T-12h,S_MAXPERSIST,selector,V2 pool; maximize minimum persistence,max_persist,1,0,0,no_play,,[],,,,,,,0.542,,,,,,,,,SHADOW_DIAGNOSTIC · never an official forward decision
2026-10-05T12:28:08Z,2026-10-05T12:27:56Z,2026-10-05,2026-10-05,11.78,T-12h,C_NOCONFIRM,control,Pinnacle fair + >=5 books; no BOV/DK confirmation,max_joint,1,3,0,no_play,,[],,,,,,,0.542,,,,,,,,,SHADOW_DIAGNOSTIC · never an official forward decision
2026-10-05T12:28:08Z,2026-10-05T12:27:56Z,2026-10-05,2026-10-05,11.78,T-12h,C_RANDOM_V2,control,Deterministic random positive-edge pair from V2 pool,random,1,0,0,no_play,,[],,,,,,,0.542,,,,,,,,,SHADOW_DIAGNOSTIC · never an official forward decision
2026-10-05T12:51:21Z,2026-10-05T12:50:53Z,2026-10-05,2026-10-05,11.4,T-12h,OFF_V1,official_mirror,BOV + DK · REC >2.5,official,1,0,0,no_play,,[],,,,,,,0.544,,,,,,,,,SHADOW_DIAGNOSTIC · never an official forward decision
2026-10-05T12:51:21Z,2026-10-05T12:50:53Z,2026-10-05,2026-10-05,11.4,T-12h,OFF_V2,official_mirror,BOV + DK · REC >1.5,official,1,0,0,no_play,,[],,,,,,,0.544,,,,,,,,,SHADOW_DIAGNOSTIC · never an official forward decision
2026-10-05T12:51:21Z,2026-10-05T12:50:53Z,2026-10-05,2026-10-05,11.4,T-12h,OFF_V3,official_mirror,BOV confirm · REC >1.5,official,1,0,0,no_play,,[],,,,,,,0.544,,,,,,,,,SHADOW_DIAGNOSTIC · never an official forward decision
2026-10-05T12:51:21Z,2026-10-05T12:50:53Z,2026-10-05,2026-10-05,11.4,T-12h,OFF_V4,official_mirror,DK confirm · REC >1.5,official,1,1,0,no_play,,[],,,,,,,0.544,,,,,,,,,SHADOW_DIAGNOSTIC · never an official forward decision
2026-10-05T12:51:21Z,2026-10-05T12:50:53Z,2026-10-05,2026-10-05,11.4,T-12h,OFF_V5,official_mirror,Any 2 confirms · REC >1.5,official,1,0,0,no_play,,[],,,,,,,0.544,,,,,,,,,SHADOW_DIAGNOSTIC · never an official forward decision
2026-10-05T12:51:21Z,2026-10-05T12:50:53Z,2026-10-05,2026-10-05,11.4,T-12h,OFF_V6,official_mirror,Any 3 confirms · REC >1.5,official,1,0,0,no_play,,[],,,,,,,0.544,,,,,,,,,SHADOW_DIAGNOSTIC · never an official forward decision
2026-10-05T12:51:21Z,2026-10-05T12:50:53Z,2026-10-05,2026-10-05,11.4,T-12h,OFF_V7,official_mirror,Needs actual parlay quote,official,1,0,0,no_play,,[],,,,,,,0.544,,,,,,,,,SHADOW_DIAGNOSTIC · never an official forward decision
2026-10-05T12:51:21Z,2026-10-05T12:50:53Z,2026-10-05,2026-10-05,11.4,T-12h,OFF_V8,official_mirror,V3 pool · up to 2 independent,official,1,0,0,no_play,,[],,,,,,,0.544,,,,,,,,,SHADOW_DIAGNOSTIC · never an official forward decision
2026-10-05T12:51:21Z,2026-10-05T12:50:53Z,2026-10-05,2026-10-05,11.4,T-12h,A_MIN4,gate,V2 but min_books=4,max_joint,1,0,0,no_play,,[],,,,,,,0.544,,,,,,,,,SHADOW_DIAGNOSTIC · never an official forward decision
2026-10-05T12:51:21Z,2026-10-05T12:50:53Z,2026-10-05,2026-10-05,11.4,T-12h,A_NODEPTH,gate,V2 without reception-depth gate,max_joint,1,0,0,no_play,,[],,,,,,,0.544,,,,,,,,,SHADOW_DIAGNOSTIC · never an official forward decision
2026-10-05T12:51:21Z,2026-10-05T12:50:53Z,2026-10-05,2026-10-05,11.4,T-12h,A_FAIR3565,gate,V2 with fair range 35–65%,max_joint,1,0,0,no_play,,[],,,,,,,0.544,,,,,,,,,SHADOW_DIAGNOSTIC · never an official forward decision
2026-10-05T12:51:21Z,2026-10-05T12:50:53Z,2026-10-05,2026-10-05,11.4,T-12h,A_EDGE3,gate,V2 plus pair edge >=3%,max_joint,1,0,0,no_play,,[],,,,,,,0.544,,,,,,,,,SHADOW_DIAGNOSTIC · never an official forward decision
2026-10-05T12:51:21Z,2026-10-05T12:50:53Z,2026-10-05,2026-10-05,11.4,T-12h,A_EDGE5,gate,V2 plus pair edge >=5%,max_joint,1,0,0,no_play,,[],,,,,,,0.544,,,,,,,,,SHADOW_DIAGNOSTIC · never an official forward decision
2026-10-05T12:51:21Z,2026-10-05T12:50:53Z,2026-10-05,2026-10-05,11.4,T-12h,A_PERSIST2,gate,V2; both legs seen >=2 snapshots,max_joint,1,0,0,no_play,,[],,,,,,,0.544,,,,,,,,,SHADOW_DIAGNOSTIC · never an official forward decision
2026-10-05T12:51:21Z,2026-10-05T12:50:53Z,2026-10-05,2026-10-05,11.4,T-12h,A_PERSIST3,gate,V2; both legs seen >=3 snapshots,max_joint,1,0,0,no_play,,[],,,,,,,0.544,,,,,,,,,SHADOW_DIAGNOSTIC · never an official forward decision
2026-10-05T12:51:21Z,2026-10-05T12:50:53Z,2026-10-05,2026-10-05,11.4,T-12h,A_FRESH300,gate,V2; confirming quotes seen <=300s ago,max_joint,1,0,0,no_play,,[],,,,,,,0.544,,,,,,,,,SHADOW_DIAGNOSTIC · never an official forward decision
2026-10-05T12:51:21Z,2026-10-05T12:50:53Z,2026-10-05,2026-10-05,11.4,T-12h,A_MAINLINE,gate,V2; representative Pinnacle leg must be main-line,max_joint,1,0,0,no_play,,[],,,,,,,0.544,,,,,,,,,SHADOW_DIAGNOSTIC · never an official forward decision
2026-10-05T12:51:21Z,2026-10-05T12:50:53Z,2026-10-05,2026-10-05,11.4,T-12h,S_MAXEDGE,selector,V2 pool; maximize reconstructed edge,max_edge,1,0,0,no_play,,[],,,,,,,0.544,,,,,,,,,SHADOW_DIAGNOSTIC · never an official forward decision
2026-10-05T12:51:21Z,2026-10-05T12:50:53Z,2026-10-05,2026-10-05,11.4,T-12h,S_MAXMINP,selector,V2 pool; maximize weaker leg probability,max_min_prob,1,0,0,no_play,,[],,,,,,,0.544,,,,,,,,,SHADOW_DIAGNOSTIC · never an official forward decision
2026-10-05T12:51:21Z,2026-10-05T12:50:53Z,2026-10-05,2026-10-05,11.4,T-12h,S_MAXPERSIST,selector,V2 pool; maximize minimum persistence,max_persist,1,0,0,no_play,,[],,,,,,,0.544,,,,,,,,,SHADOW_DIAGNOSTIC · never an official forward decision
2026-10-05T12:51:21Z,2026-10-05T12:50:53Z,2026-10-05,2026-10-05,11.4,T-12h,C_NOCONFIRM,control,Pinnacle fair + >=5 books; no BOV/DK confirmation,max_joint,1,4,0,no_play,,[],,,,,,,0.544,,,,,,,,,SHADOW_DIAGNOSTIC · never an official forward decision
2026-10-05T12:51:21Z,2026-10-05T12:50:53Z,2026-10-05,2026-10-05,11.4,T-12h,C_RANDOM_V2,control,Deterministic random positive-edge pair from V2 pool,random,1,0,0,no_play,,[],,,,,,,0.544,,,,,,,,,SHADOW_DIAGNOSTIC · never an official forward decision
