ts,sport,event_id,commence_time,hours_to_kick,market,player,side,team,open_point,latest_point,books_quoting,books_moved,consensus_direction,avg_prob_shift,consensus_point_shift,steam_score
2026-10-05T20:45:20Z,football_nfl,32677,2026-10-06T00:15:00Z,3.49,player_pass_attempts,Tyler Shough,Over,,35.5,36.5,10,9,point_up,0.0,1.0,100.0
2026-10-05T20:45:20Z,football_nfl,32677,2026-10-06T00:15:00Z,3.49,player_pass_attempts,Tyler Shough,Under,,35.5,36.5,10,9,point_up,0.0,1.0,100.0
2026-10-05T20:45:20Z,football_nfl,32677,2026-10-06T00:15:00Z,3.49,player_pass_yds,Tyler Shough,Over,,258.5,260.0,9,8,point_up,0.0,2.75,100.0
2026-10-05T20:45:20Z,football_nfl,32677,2026-10-06T00:15:00Z,3.49,player_pass_yds,Tyler Shough,Under,,258.5,260.0,9,8,point_up,0.0,2.75,100.0
2026-10-05T20:45:20Z,football_nfl,32677,2026-10-06T00:15:00Z,3.49,player_pass_yds,Michael Penix Jr.,Over,,224.5,225.5,5,5,point_up,0.0,1.4,100.0
2026-10-05T20:45:20Z,football_nfl,32677,2026-10-06T00:15:00Z,3.49,player_pass_yds,Michael Penix Jr.,Under,,224.5,225.5,5,5,point_up,0.0,1.4,100.0
2026-10-05T20:45:20Z,football_nfl,32677,2026-10-06T00:15:00Z,3.49,player_reception_yds,Chris Olave,Over,,83.5,85.5,15,13,point_up,0.0,1.85,100.0
2026-10-05T20:45:20Z,football_nfl,32677,2026-10-06T00:15:00Z,3.49,player_reception_yds,Chris Olave,Under,,83.5,85.5,15,13,point_up,0.0,1.85,100.0
2026-10-05T20:45:20Z,football_nfl,32677,2026-10-06T00:15:00Z,3.49,player_reception_yds,Drake London,Over,,79.5,81.5,8,7,point_up,0.0,2.0,100.0
2026-10-05T20:45:20Z,football_nfl,32677,2026-10-06T00:15:00Z,3.49,player_reception_yds,Drake London,Under,,79.5,81.5,8,7,point_up,0.0,2.0,100.0
2026-10-05T20:45:20Z,football_nfl,32677,2026-10-06T00:15:00Z,3.49,player_reception_yds,Austin Hooper,Over,,7.5,6.5,14,14,point_down,0.0,-1.43,100.0
2026-10-05T20:45:20Z,football_nfl,32677,2026-10-06T00:15:00Z,3.49,player_reception_yds,Austin Hooper,Under,,7.5,6.5,14,14,point_down,0.0,-1.43,100.0
2026-10-05T20:45:20Z,football_nfl,32677,2026-10-06T00:15:00Z,3.49,player_reception_yds,Bijan Robinson,Over,,38.5,36.5,15,15,point_down,0.0,-1.47,100.0
2026-10-05T20:45:20Z,football_nfl,32677,2026-10-06T00:15:00Z,3.49,player_reception_yds,Bijan Robinson,Under,,38.5,36.5,15,15,point_down,0.0,-1.47,100.0
2026-10-05T20:45:20Z,football_nfl,32677,2026-10-06T00:15:00Z,3.49,player_reception_yds,Juwan Johnson,Over,,42.5,44.5,13,12,point_up,0.0,2.25,100.0
2026-10-05T20:45:20Z,football_nfl,32677,2026-10-06T00:15:00Z,3.49,player_reception_yds,Juwan Johnson,Under,,42.5,44.5,13,12,point_up,0.0,2.25,100.0
2026-10-05T20:45:20Z,football_nfl,32677,2026-10-06T00:15:00Z,3.49,player_reception_yds,Kyle Pitts,Over,,29.0,30.0,8,8,point_up,0.0,1.0,100.0
2026-10-05T20:45:20Z,football_nfl,32677,2026-10-06T00:15:00Z,3.49,player_reception_yds,Kyle Pitts,Under,,29.0,30.0,8,8,point_up,0.0,1.0,100.0
2026-10-05T20:45:20Z,football_nfl,32677,2026-10-06T00:15:00Z,3.49,player_reception_yds,Bryce Lance,Over,,13.5,15.5,13,9,point_up,0.0,1.44,100.0
2026-10-05T20:45:20Z,football_nfl,32677,2026-10-06T00:15:00Z,3.49,player_reception_yds,Bryce Lance,Under,,13.5,15.5,13,9,point_up,0.0,1.44,100.0
2026-10-05T20:45:20Z,football_nfl,32677,2026-10-06T00:15:00Z,3.49,player_reception_yds,Olamide Zaccheaus,Over,,7.5,8.5,10,10,point_up,0.0,1.0,100.0
2026-10-05T20:45:20Z,football_nfl,32677,2026-10-06T00:15:00Z,3.49,player_reception_yds,Olamide Zaccheaus,Under,,7.5,8.5,10,10,point_up,0.0,1.0,100.0
2026-10-05T20:45:20Z,football_nfl,32677,2026-10-06T00:15:00Z,3.49,player_reception_yds,Alvin Kamara,Over,,14.5,15.5,7,7,point_up,0.0,1.14,100.0
2026-10-05T20:45:20Z,football_nfl,32677,2026-10-06T00:15:00Z,3.49,player_reception_yds,Alvin Kamara,Under,,14.5,15.5,7,7,point_up,0.0,1.14,100.0
2026-10-05T20:45:20Z,football_nfl,32677,2026-10-06T00:15:00Z,3.49,player_rush_yds,Kendre Miller,Over,,23.5,25.5,16,12,point_up,0.0,2.83,100.0
2026-10-05T20:45:20Z,football_nfl,32677,2026-10-06T00:15:00Z,3.49,player_rush_yds,Kendre Miller,Under,,23.5,25.5,16,12,point_up,0.0,2.83,100.0
2026-10-05T20:45:20Z,football_nfl,32677,2026-10-06T00:15:00Z,3.49,player_rush_yds,Alvin Kamara,Over,,37.5,36.5,12,11,point_down,0.0,-1.0,100.0
2026-10-05T20:45:20Z,football_nfl,32677,2026-10-06T00:15:00Z,3.49,player_rush_yds,Alvin Kamara,Under,,37.5,36.5,12,11,point_down,0.0,-1.0,100.0
2026-10-05T20:45:20Z,football_nfl,32677,2026-10-06T00:15:00Z,3.49,player_receptions,Alvin Kamara,Over,,3.5,2.5,6,6,point_down,0.0,-1.0,90.0
2026-10-05T20:45:20Z,football_nfl,32677,2026-10-06T00:15:00Z,3.49,player_receptions,Alvin Kamara,Under,,3.5,2.5,6,6,point_down,0.0,-1.0,90.0
2026-10-05T20:45:20Z,football_nfl,32677,2026-10-06T00:15:00Z,3.49,player_receptions,Austin Hooper,Over,,1.5,0.5,6,6,point_down,0.0,-1.0,90.0
2026-10-05T20:45:20Z,football_nfl,32677,2026-10-06T00:15:00Z,3.49,player_receptions,Austin Hooper,Under,,1.5,0.5,6,6,point_down,0.0,-1.0,90.0
2026-10-05T20:45:20Z,football_nfl,32677,2026-10-06T00:15:00Z,3.49,player_reception_yds,Devaughn Vele,Over,,44.5,43.5,10,6,point_down,0.0,-1.0,90.0
2026-10-05T20:45:20Z,football_nfl,32677,2026-10-06T00:15:00Z,3.49,player_reception_yds,Devaughn Vele,Under,,44.5,43.5,10,6,point_down,0.0,-1.0,90.0
2026-10-05T20:45:20Z,football_nfl,32677,2026-10-06T00:15:00Z,3.49,player_reception_yds,Zachariah Branch,Over,,3.5,4.5,6,6,point_up,0.0,1.0,90.0
2026-10-05T20:45:20Z,football_nfl,32677,2026-10-06T00:15:00Z,3.49,player_reception_yds,Zachariah Branch,Under,,3.5,4.5,6,6,point_up,0.0,1.0,90.0
2026-10-05T20:45:20Z,football_nfl,32677,2026-10-06T00:15:00Z,3.49,player_rush_yds,Bijan Robinson,Over,,88.5,89.5,6,5,point_up,0.0,1.2,90.0
2026-10-05T20:45:20Z,football_nfl,32677,2026-10-06T00:15:00Z,3.49,player_rush_yds,Bijan Robinson,Under,,88.5,89.5,6,5,point_up,0.0,1.2,90.0
2026-10-05T20:45:20Z,football_nfl,32677,2026-10-06T00:15:00Z,3.49,player_rush_yds,Tyler Shough,Over,,15.5,16.5,7,6,point_up,0.0,1.0,90.0
2026-10-05T20:45:20Z,football_nfl,32677,2026-10-06T00:15:00Z,3.49,player_rush_yds,Tyler Shough,Under,,15.5,16.5,7,6,point_up,0.0,1.0,90.0
2026-10-05T20:45:20Z,football_nfl,32677,2026-10-06T00:15:00Z,3.49,player_reception_yds,Jahan Dotson,Over,,18.0,19.5,6,4,point_up,0.0,1.25,75.0
2026-10-05T20:45:20Z,football_nfl,32677,2026-10-06T00:15:00Z,3.49,player_reception_yds,Jahan Dotson,Under,,18.0,19.5,6,4,point_up,0.0,1.25,75.0
2026-10-05T20:45:20Z,football_nfl,32677,2026-10-06T00:15:00Z,3.49,player_receptions,Devaughn Vele,Over,,4.5,3.5,4,4,point_down,0.0,-1.0,60.0
2026-10-05T20:45:20Z,football_nfl,32677,2026-10-06T00:15:00Z,3.49,player_receptions,Devaughn Vele,Under,,4.5,3.5,4,4,point_down,0.0,-1.0,60.0
2026-10-05T20:45:20Z,football_nfl,32677,2026-10-06T00:15:00Z,3.49,player_receptions,Juwan Johnson,Over,,3.5,4.5,4,4,point_up,0.0,1.0,60.0
2026-10-05T20:45:20Z,football_nfl,32677,2026-10-06T00:15:00Z,3.49,player_receptions,Juwan Johnson,Under,,3.5,4.5,4,4,point_up,0.0,1.0,60.0
2026-10-05T20:45:20Z,football_nfl,32677,2026-10-06T00:15:00Z,3.49,player_reception_yds,Kyle Pitts Sr.,Over,,29.5,30.5,4,4,point_up,0.0,1.0,60.0
2026-10-05T20:45:20Z,football_nfl,32677,2026-10-06T00:15:00Z,3.49,player_reception_yds,Kyle Pitts Sr.,Under,,29.5,30.5,4,4,point_up,0.0,1.0,60.0
2026-10-05T20:45:20Z,football_nfl,32677,2026-10-06T00:15:00Z,3.49,player_rush_yds,Brian Robinson Jr.,Over,,30.5,29.5,3,3,point_down,0.0,-1.33,60.0
2026-10-05T20:45:20Z,football_nfl,32677,2026-10-06T00:15:00Z,3.49,player_rush_yds,Brian Robinson Jr.,Under,,30.5,29.5,3,3,point_down,0.0,-1.33,60.0
2026-10-05T20:45:20Z,football_nfl,32677,2026-10-06T00:15:00Z,3.49,player_receptions,Bijan Robinson,Over,,4.5,4.5,22,17,lengthening,-0.0299,0.0,50.9
2026-10-05T20:45:20Z,football_nfl,32677,2026-10-06T00:15:00Z,3.49,player_receptions,Drake London,Over,,5.5,6.5,3,3,point_up,0.0,1.0,45.0
2026-10-05T20:45:20Z,football_nfl,32677,2026-10-06T00:15:00Z,3.49,player_receptions,Drake London,Under,,5.5,6.5,3,3,point_up,0.0,1.0,45.0
2026-10-05T20:45:20Z,football_nfl,32677,2026-10-06T00:15:00Z,3.49,player_reception_yds,Noah Fant,Over,,13.5,14.5,4,3,point_up,0.0,1.0,45.0
2026-10-05T20:45:20Z,football_nfl,32677,2026-10-06T00:15:00Z,3.49,player_reception_yds,Noah Fant,Under,,13.5,14.5,4,3,point_up,0.0,1.0,45.0
2026-10-05T20:45:20Z,football_nfl,32677,2026-10-06T00:15:00Z,3.49,player_rush_yds,Michael Penix Jr.,Over,,4.5,3.5,3,3,point_down,0.0,-1.0,45.0
2026-10-05T20:45:20Z,football_nfl,32677,2026-10-06T00:15:00Z,3.49,player_rush_yds,Michael Penix Jr.,Under,,4.5,3.5,3,3,point_down,0.0,-1.0,45.0
2026-10-05T20:45:20Z,football_nfl,32677,2026-10-06T00:15:00Z,3.49,player_receptions,Bijan Robinson,Under,,4.5,4.5,21,14,shortening,0.0311,0.0,43.5
2026-10-05T20:45:20Z,football_nfl,32677,2026-10-06T00:15:00Z,3.49,player_rush_yds,Kendre Miller,25+ Rushing Yards,,,,8,6,shortening,0.0667,,40.0
2026-10-05T20:45:20Z,football_nfl,32677,2026-10-06T00:15:00Z,3.49,player_rush_yds,Kendre Miller,20+ Rushing Yards,,,,7,5,shortening,0.0673,,33.7
2026-10-05T20:45:20Z,football_nfl,32677,2026-10-06T00:15:00Z,3.49,player_rush_yds,Kendre Miller,30+ Rushing Yards,,,,7,5,shortening,0.0665,,33.2
2026-10-05T20:45:20Z,football_nfl,32677,2026-10-06T00:15:00Z,3.49,player_pass_yds,Tyler Shough,Over,,255.5,255.5,4,4,shortening,0.0765,0.0,30.6
2026-10-05T20:45:20Z,football_nfl,32677,2026-10-06T00:15:00Z,3.49,player_rush_yds,Kendre Miller,40+ Rushing Yards,,,,8,6,shortening,0.0495,,29.7
2026-10-05T20:45:20Z,football_nfl,32677,2026-10-06T00:15:00Z,3.49,player_receptions,Juwan Johnson,Under,,3.5,3.5,15,10,lengthening,-0.0291,0.0,29.1
2026-10-05T20:45:20Z,football_nfl,32677,2026-10-06T00:15:00Z,3.49,player_receptions,Kyle Pitts,Under,,2.5,2.5,14,9,lengthening,-0.0313,0.0,28.2
2026-10-05T20:45:20Z,football_nfl,32677,2026-10-06T00:15:00Z,3.49,player_receptions,Juwan Johnson,Over,,3.5,3.5,16,8,shortening,0.0342,0.0,27.3
2026-10-05T20:45:20Z,football_nfl,32677,2026-10-06T00:15:00Z,3.49,player_receptions,Kyle Pitts,Over,,2.5,2.5,15,9,shortening,0.0304,0.0,27.3
2026-10-05T20:45:20Z,football_nfl,32677,2026-10-06T00:15:00Z,3.49,player_rush_yds,Kendre Miller,50+ Rushing Yards,,,,9,6,shortening,0.0369,,22.2
2026-10-05T20:45:20Z,football_nfl,32677,2026-10-06T00:15:00Z,3.49,player_reception_yds,Zachariah Branch,25+ Receiving Yards,,,,5,3,shortening,0.0677,,20.3
2026-10-05T20:45:20Z,football_nfl,32677,2026-10-06T00:15:00Z,3.49,player_rush_yds,Kendre Miller,15+ Rushing Yards,,,,5,4,shortening,0.05,,20.0
2026-10-05T20:45:20Z,football_nfl,32677,2026-10-06T00:15:00Z,3.49,player_reception_yds,Zachariah Branch,15+ Receiving Yards,,,,4,3,shortening,0.0661,,19.8
2026-10-05T20:45:20Z,football_nfl,32677,2026-10-06T00:15:00Z,3.49,player_receptions,Bijan Robinson,4+ Receptions,,,,7,6,lengthening,-0.0324,,19.4
2026-10-05T20:45:20Z,football_nfl,32677,2026-10-06T00:15:00Z,3.49,player_rush_yds,Kendre Miller,10+ Rushing Yards,,,,6,4,shortening,0.048,,19.2
2026-10-05T20:45:20Z,football_nfl,32677,2026-10-06T00:15:00Z,3.49,player_receptions,Juwan Johnson,4+ Receptions,,,,6,4,shortening,0.0438,,17.5
2026-10-05T20:45:20Z,football_nfl,32677,2026-10-06T00:15:00Z,3.49,player_pass_tds,Michael Penix,Over,,1.5,1.5,7,3,shortening,0.0561,0.0,16.8
2026-10-05T20:45:20Z,football_nfl,32677,2026-10-06T00:15:00Z,3.49,player_receptions,Bijan Robinson,5+ Receptions,,,,6,5,lengthening,-0.033,,16.5
2026-10-05T20:45:20Z,football_nfl,32677,2026-10-06T00:15:00Z,3.49,player_receptions,Bryce Lance,Under,,1.5,1.5,17,6,lengthening,-0.025,0.0,15.0
2026-10-05T20:45:20Z,football_nfl,32677,2026-10-06T00:15:00Z,3.49,player_receptions,Juwan Johnson,Under,,4.5,4.5,13,4,lengthening,-0.0361,0.0,14.5
2026-10-05T20:45:20Z,football_nfl,32677,2026-10-06T00:15:00Z,3.49,player_receptions,Olamide Zaccheaus,Under,,1.5,1.5,20,5,lengthening,-0.0283,0.0,14.2
2026-10-05T20:45:20Z,football_nfl,32677,2026-10-06T00:15:00Z,3.49,player_receptions,Olamide Zaccheaus,Over,,1.5,1.5,21,4,shortening,0.0353,0.0,14.1
2026-10-05T20:45:20Z,football_nfl,32677,2026-10-06T00:15:00Z,3.49,player_receptions,Kyle Pitts Sr.,Under,,2.5,2.5,6,5,lengthening,-0.0278,0.0,13.9
2026-10-05T20:45:20Z,football_nfl,32677,2026-10-06T00:15:00Z,3.49,player_pass_tds,Michael Penix,Under,,1.5,1.5,7,3,lengthening,-0.0458,0.0,13.7
2026-10-05T20:45:20Z,football_nfl,32677,2026-10-06T00:15:00Z,3.49,player_rush_yds,Kendre Miller,60+ Rushing Yards,,,,6,4,shortening,0.0334,,13.4
2026-10-05T20:45:20Z,football_nfl,32677,2026-10-06T00:15:00Z,3.49,player_pass_completions,Michael Penix Jr.,Under,,19.5,19.5,9,4,lengthening,-0.0304,0.0,12.1
2026-10-05T20:45:20Z,football_nfl,32677,2026-10-06T00:15:00Z,3.49,player_receptions,Bijan Robinson,6+ Receptions,,,,7,4,lengthening,-0.0303,,12.1
2026-10-05T20:45:20Z,football_nfl,32677,2026-10-06T00:15:00Z,3.49,player_receptions,Austin Hooper,Under,,2.5,2.5,4,3,shortening,0.0399,0.0,12.0
2026-10-05T20:45:20Z,football_nfl,32677,2026-10-06T00:15:00Z,3.49,player_pass_completions,Michael Penix Jr.,Over,,19.5,19.5,9,4,shortening,0.0295,0.0,11.8
2026-10-05T20:45:20Z,football_nfl,32677,2026-10-06T00:15:00Z,3.49,player_rush_yds,Alvin Kamara,30+ Rushing Yards,,,,7,4,lengthening,-0.0292,,11.7
2026-10-05T20:45:20Z,football_nfl,32677,2026-10-06T00:15:00Z,3.49,player_reception_yds,Alvin Kamara,20+ Receiving Yards,,,,5,4,shortening,0.0287,,11.5
2026-10-05T20:45:20Z,football_nfl,32677,2026-10-06T00:15:00Z,3.49,player_receptions,Drake London,Over,,5.5,5.5,19,4,shortening,0.0272,0.0,10.9
2026-10-05T20:45:20Z,football_nfl,32677,2026-10-06T00:15:00Z,3.49,player_receptions,Kyle Pitts Sr.,Over,,2.5,2.5,6,4,shortening,0.0273,0.0,10.9
2026-10-05T20:45:20Z,football_nfl,32677,2026-10-06T00:15:00Z,3.49,player_pass_yds,Tyler Shough,Under,,255.5,255.5,4,3,lengthening,-0.0354,0.0,10.6
2026-10-05T20:45:20Z,football_nfl,32677,2026-10-06T00:15:00Z,3.49,player_receptions,Zachariah Branch,2+ Receptions,,,,5,3,shortening,0.0352,,10.6
2026-10-05T20:45:20Z,football_nfl,32677,2026-10-06T00:15:00Z,3.49,player_receptions,Zachariah Branch,3+ Receptions,,,,5,3,shortening,0.0353,,10.6
2026-10-05T20:45:20Z,football_nfl,32677,2026-10-06T00:15:00Z,3.49,player_receptions,Bijan Robinson,Over,,2.5,2.5,5,4,lengthening,-0.0262,0.0,10.5
2026-10-05T20:45:20Z,football_nfl,32677,2026-10-06T00:15:00Z,3.49,player_reception_yds,Bijan Robinson,Over,,29.5,29.5,4,3,lengthening,-0.035,0.0,10.5
2026-10-05T20:45:20Z,football_nfl,32677,2026-10-06T00:15:00Z,3.49,player_receptions,Austin Hooper,Over,,1.5,1.5,14,4,lengthening,-0.0242,0.0,9.7
2026-10-05T20:45:20Z,football_nfl,32677,2026-10-06T00:15:00Z,3.49,player_receptions,Juwan Johnson,5+ Receptions,,,,7,3,shortening,0.031,,9.3
2026-10-05T20:45:20Z,football_nfl,32677,2026-10-06T00:15:00Z,3.49,player_receptions,Juwan Johnson,6+ Receptions,,,,7,3,shortening,0.0302,,9.1
2026-10-05T20:45:20Z,football_nfl,32677,2026-10-06T00:15:00Z,3.49,player_receptions,Austin Hooper,Over,,2.5,2.5,5,3,lengthening,-0.03,0.0,9.0
2026-10-05T20:45:20Z,football_nfl,32677,2026-10-06T00:15:00Z,3.49,player_rush_yds,Tyler Shough,20+ Rushing Yards,,,,6,3,shortening,0.0293,,8.8
2026-10-05T20:45:20Z,football_nfl,32677,2026-10-06T00:15:00Z,3.49,player_rush_yds,Tyler Shough,15+ Rushing Yards,,,,4,3,shortening,0.028,,8.4
2026-10-05T20:45:20Z,football_nfl,32677,2026-10-06T00:15:00Z,3.49,player_receptions,Bijan Robinson,3+ Receptions,,,,6,3,lengthening,-0.0269,,8.1
2026-10-05T20:45:20Z,football_nfl,32677,2026-10-06T00:15:00Z,3.49,player_reception_yds,Alvin Kamara,Over,,15.5,15.5,16,3,shortening,0.027,0.0,8.1
2026-10-05T20:45:20Z,football_nfl,32677,2026-10-06T00:15:00Z,3.49,player_receptions,Drake London,6+ Receptions,,,,7,3,shortening,0.0267,,8.0
2026-10-05T20:45:20Z,football_nfl,32677,2026-10-06T00:15:00Z,3.49,player_reception_yds,Alvin Kamara,Under,,15.5,15.5,16,3,lengthening,-0.0268,0.0,8.0
2026-10-05T20:45:20Z,football_nfl,32677,2026-10-06T00:15:00Z,3.49,player_receptions,Bijan Robinson,7+ Receptions,,,,7,3,lengthening,-0.0256,,7.7
2026-10-05T20:45:20Z,football_nfl,32677,2026-10-06T00:15:00Z,3.49,player_reception_yds,Bryce Lance,40+ Receiving Yards,,,,7,3,shortening,0.0248,,7.5
2026-10-05T20:45:20Z,football_nfl,32677,2026-10-06T00:15:00Z,3.49,player_reception_yds,Alvin Kamara,30+ Receiving Yards,,,,5,3,shortening,0.0232,,7.0
2026-10-05T20:45:20Z,football_nfl,32677,2026-10-06T00:15:00Z,3.49,player_reception_yds,Bijan Robinson,50+ Receiving Yards,,,,9,3,lengthening,-0.0234,,7.0
2026-10-05T20:45:20Z,football_nfl,32677,2026-10-06T00:15:00Z,3.49,player_rush_yds,Alvin Kamara,40+ Rushing Yards,,,,8,3,lengthening,-0.0235,,7.0
2026-10-05T20:45:20Z,football_nfl,32677,2026-10-06T00:15:00Z,3.49,player_receptions,Drake London,7+ Receptions,,,,7,3,shortening,0.0224,,6.7
2026-10-05T20:45:20Z,football_nfl,32677,2026-10-06T00:15:00Z,3.49,player_receptions,Bryce Lance,Over,,1.5,1.5,18,3,shortening,0.0212,0.0,6.4
2026-10-05T23:24:55Z,football_nfl,32677,2026-10-06T00:15:00Z,0.83,player_pass_attempts,Tyler Shough,Over,,35.5,37.5,9,9,point_up,0.0,1.33,100.0
2026-10-05T23:24:55Z,football_nfl,32677,2026-10-06T00:15:00Z,0.83,player_pass_attempts,Tyler Shough,Under,,35.5,37.5,9,9,point_up,0.0,1.33,100.0
2026-10-05T23:24:55Z,football_nfl,32677,2026-10-06T00:15:00Z,0.83,player_pass_yds,Tyler Shough,Over,,258.5,260.5,13,9,point_up,0.0,1.89,100.0
2026-10-05T23:24:55Z,football_nfl,32677,2026-10-06T00:15:00Z,0.83,player_pass_yds,Tyler Shough,Under,,258.5,260.5,13,9,point_up,0.0,1.89,100.0
2026-10-05T23:24:55Z,football_nfl,32677,2026-10-06T00:15:00Z,0.83,player_receptions,Juwan Johnson,Over,,3.5,4.5,12,12,point_up,0.0,1.0,100.0
2026-10-05T23:24:55Z,football_nfl,32677,2026-10-06T00:15:00Z,0.83,player_receptions,Juwan Johnson,Under,,3.5,4.5,11,11,point_up,0.0,1.0,100.0
2026-10-05T23:24:55Z,football_nfl,32677,2026-10-06T00:15:00Z,0.83,player_reception_yds,Bijan Robinson,Over,,38.0,36.5,12,12,point_down,0.0,-1.58,100.0
2026-10-05T23:24:55Z,football_nfl,32677,2026-10-06T00:15:00Z,0.83,player_reception_yds,Bijan Robinson,Under,,38.0,36.5,12,12,point_down,0.0,-1.58,100.0
2026-10-05T23:24:55Z,football_nfl,32677,2026-10-06T00:15:00Z,0.83,player_reception_yds,Juwan Johnson,Over,,44.5,46.5,14,14,point_up,0.0,2.21,100.0
2026-10-05T23:24:55Z,football_nfl,32677,2026-10-06T00:15:00Z,0.83,player_reception_yds,Juwan Johnson,Under,,44.5,46.5,14,14,point_up,0.0,2.21,100.0
2026-10-05T23:24:55Z,football_nfl,32677,2026-10-06T00:15:00Z,0.83,player_reception_yds,Drake London,Over,,79.5,81.0,13,10,point_up,0.0,2.0,100.0
2026-10-05T23:24:55Z,football_nfl,32677,2026-10-06T00:15:00Z,0.83,player_reception_yds,Drake London,Under,,79.5,81.0,13,10,point_up,0.0,2.0,100.0
2026-10-05T23:24:55Z,football_nfl,32677,2026-10-06T00:15:00Z,0.83,player_reception_yds,Zachariah Branch,Over,,3.5,5.0,10,10,point_up,0.0,1.5,100.0
2026-10-05T23:24:55Z,football_nfl,32677,2026-10-06T00:15:00Z,0.83,player_reception_yds,Zachariah Branch,Under,,3.5,5.0,10,10,point_up,0.0,1.5,100.0
2026-10-05T23:24:55Z,football_nfl,32677,2026-10-06T00:15:00Z,0.83,player_reception_yds,Bryce Lance,Over,,14.5,15.5,10,10,point_up,0.0,1.1,100.0
2026-10-05T23:24:55Z,football_nfl,32677,2026-10-06T00:15:00Z,0.83,player_reception_yds,Bryce Lance,Under,,14.5,15.5,10,10,point_up,0.0,1.1,100.0
2026-10-05T23:24:55Z,football_nfl,32677,2026-10-06T00:15:00Z,0.83,player_reception_yds,Chris Olave,Over,,84.5,86.5,15,15,point_up,0.0,2.2,100.0
2026-10-05T23:24:55Z,football_nfl,32677,2026-10-06T00:15:00Z,0.83,player_reception_yds,Chris Olave,Under,,84.5,86.5,15,15,point_up,0.0,2.2,100.0
2026-10-05T23:24:55Z,football_nfl,32677,2026-10-06T00:15:00Z,0.83,player_reception_yds,Kendre Miller,Over,,4.5,5.5,7,7,point_up,0.0,1.43,100.0
2026-10-05T23:24:55Z,football_nfl,32677,2026-10-06T00:15:00Z,0.83,player_reception_yds,Kendre Miller,Under,,4.5,5.5,7,7,point_up,0.0,1.43,100.0
2026-10-05T23:24:55Z,football_nfl,32677,2026-10-06T00:15:00Z,0.83,player_reception_yds,Kyle Pitts,Over,,29.5,31.5,8,7,point_up,0.0,1.57,100.0
2026-10-05T23:24:55Z,football_nfl,32677,2026-10-06T00:15:00Z,0.83,player_reception_yds,Kyle Pitts,Under,,29.5,31.5,8,7,point_up,0.0,1.57,100.0
2026-10-05T23:24:55Z,football_nfl,32677,2026-10-06T00:15:00Z,0.83,player_reception_yds,Olamide Zaccheaus,Over,,7.5,8.5,9,9,point_up,0.0,1.0,100.0
2026-10-05T23:24:55Z,football_nfl,32677,2026-10-06T00:15:00Z,0.83,player_reception_yds,Olamide Zaccheaus,Under,,7.5,8.5,9,9,point_up,0.0,1.0,100.0
2026-10-05T23:24:55Z,football_nfl,32677,2026-10-06T00:15:00Z,0.83,player_reception_yds,Oscar Delp,Over,,7.5,9.5,4,4,point_up,0.0,2.0,100.0
2026-10-05T23:24:55Z,football_nfl,32677,2026-10-06T00:15:00Z,0.83,player_reception_yds,Oscar Delp,Under,,7.5,9.5,4,4,point_up,0.0,2.0,100.0
2026-10-05T23:24:55Z,football_nfl,32677,2026-10-06T00:15:00Z,0.83,player_reception_yds,Austin Hooper,Over,,8.0,6.5,8,8,point_down,0.0,-1.75,100.0
2026-10-05T23:24:55Z,football_nfl,32677,2026-10-06T00:15:00Z,0.83,player_reception_yds,Austin Hooper,Under,,8.0,6.5,8,8,point_down,0.0,-1.75,100.0
2026-10-05T23:24:55Z,football_nfl,32677,2026-10-06T00:15:00Z,0.83,player_reception_yds,Devaughn Vele,Over,,43.5,44.5,8,7,point_up,0.0,1.29,100.0
2026-10-05T23:24:55Z,football_nfl,32677,2026-10-06T00:15:00Z,0.83,player_reception_yds,Devaughn Vele,Under,,43.5,44.5,8,7,point_up,0.0,1.29,100.0
2026-10-05T23:24:55Z,football_nfl,32677,2026-10-06T00:15:00Z,0.83,player_reception_yds,Jahan Dotson,Over,,17.5,19.5,11,8,point_up,0.0,1.62,100.0
2026-10-05T23:24:55Z,football_nfl,32677,2026-10-06T00:15:00Z,0.83,player_reception_yds,Jahan Dotson,Under,,17.5,19.5,11,8,point_up,0.0,1.62,100.0
2026-10-05T23:24:55Z,football_nfl,32677,2026-10-06T00:15:00Z,0.83,player_rush_yds,Tyler Shough,Over,,16.5,17.5,9,7,point_up,0.0,1.0,100.0
2026-10-05T23:24:55Z,football_nfl,32677,2026-10-06T00:15:00Z,0.83,player_rush_yds,Tyler Shough,Under,,16.5,17.5,9,7,point_up,0.0,1.0,100.0
2026-10-05T23:24:55Z,football_nfl,32677,2026-10-06T00:15:00Z,0.83,player_rush_yds,Alvin Kamara,Over,,37.5,35.5,13,13,point_down,0.0,-1.92,100.0
2026-10-05T23:24:55Z,football_nfl,32677,2026-10-06T00:15:00Z,0.83,player_rush_yds,Alvin Kamara,Under,,37.5,35.5,13,13,point_down,0.0,-1.92,100.0
2026-10-05T23:24:55Z,football_nfl,32677,2026-10-06T00:15:00Z,0.83,player_rush_yds,Kendre Miller,Over,,23.5,26.5,15,15,point_up,0.0,2.53,100.0
2026-10-05T23:24:55Z,football_nfl,32677,2026-10-06T00:15:00Z,0.83,player_rush_yds,Kendre Miller,Under,,23.5,26.5,15,15,point_up,0.0,2.53,100.0
2026-10-05T23:24:55Z,football_nfl,32677,2026-10-06T00:15:00Z,0.83,player_rush_yds,Bijan Robinson,Over,,86.5,88.5,10,9,point_up,0.0,1.33,100.0
2026-10-05T23:24:55Z,football_nfl,32677,2026-10-06T00:15:00Z,0.83,player_rush_yds,Bijan Robinson,Under,,86.5,88.5,10,9,point_up,0.0,1.33,100.0
2026-10-05T23:24:55Z,football_nfl,32677,2026-10-06T00:15:00Z,0.83,player_pass_yds,Michael Penix,Over,,224.5,226.5,3,3,point_up,0.0,2.0,90.0
2026-10-05T23:24:55Z,football_nfl,32677,2026-10-06T00:15:00Z,0.83,player_pass_yds,Michael Penix,Under,,224.5,226.5,3,3,point_up,0.0,2.0,90.0
2026-10-05T23:24:55Z,football_nfl,32677,2026-10-06T00:15:00Z,0.83,player_pass_yds,Michael Penix Jr.,Over,,225.5,226.5,4,3,point_up,0.0,2.0,90.0
2026-10-05T23:24:55Z,football_nfl,32677,2026-10-06T00:15:00Z,0.83,player_pass_yds,Michael Penix Jr.,Under,,225.5,226.5,4,3,point_up,0.0,2.0,90.0
2026-10-05T23:24:55Z,football_nfl,32677,2026-10-06T00:15:00Z,0.83,player_receptions,Drake London,Over,,5.5,6.5,6,6,point_up,0.0,1.0,90.0
2026-10-05T23:24:55Z,football_nfl,32677,2026-10-06T00:15:00Z,0.83,player_receptions,Drake London,Under,,5.5,6.5,6,6,point_up,0.0,1.0,90.0
2026-10-05T23:24:55Z,football_nfl,32677,2026-10-06T00:15:00Z,0.83,player_pass_completions,Michael Penix Jr.,Over,,19.5,20.5,4,4,point_up,0.0,1.0,60.0
2026-10-05T23:24:55Z,football_nfl,32677,2026-10-06T00:15:00Z,0.83,player_pass_completions,Michael Penix Jr.,Under,,19.5,20.5,4,4,point_up,0.0,1.0,60.0
2026-10-05T23:24:55Z,football_nfl,32677,2026-10-06T00:15:00Z,0.83,player_rush_yds,Brian Robinson Jr.,Over,,29.0,30.0,4,4,point_up,0.0,1.0,60.0
2026-10-05T23:24:55Z,football_nfl,32677,2026-10-06T00:15:00Z,0.83,player_rush_yds,Brian Robinson Jr.,Under,,29.0,30.0,4,4,point_up,0.0,1.0,60.0
2026-10-05T23:24:55Z,football_nfl,32677,2026-10-06T00:15:00Z,0.83,player_reception_yds,Bijan Robinson,Under,,24.5,24.5,4,3,shortening,0.1669,0.0,50.1
2026-10-05T23:24:55Z,football_nfl,32677,2026-10-06T00:15:00Z,0.83,player_receptions,Bijan Robinson,Under,,3.5,3.5,5,3,shortening,0.1539,0.0,46.2
2026-10-05T23:24:55Z,football_nfl,32677,2026-10-06T00:15:00Z,0.83,player_receptions,Chris Olave,Over,,6.5,7.5,3,3,point_up,0.0,1.0,45.0
2026-10-05T23:24:55Z,football_nfl,32677,2026-10-06T00:15:00Z,0.83,player_receptions,Chris Olave,Under,,6.5,7.5,3,3,point_up,0.0,1.0,45.0
2026-10-05T23:24:55Z,football_nfl,32677,2026-10-06T00:15:00Z,0.83,player_receptions,Kendre Miller,Over,,0.5,1.5,3,3,point_up,0.0,1.0,45.0
2026-10-05T23:24:55Z,football_nfl,32677,2026-10-06T00:15:00Z,0.83,player_receptions,Kendre Miller,Under,,0.5,1.5,3,3,point_up,0.0,1.0,45.0
2026-10-05T23:24:55Z,football_nfl,32677,2026-10-06T00:15:00Z,0.83,player_reception_yds,Noah Fant,Over,,15.5,14.5,4,3,point_down,0.0,-1.0,45.0
2026-10-05T23:24:55Z,football_nfl,32677,2026-10-06T00:15:00Z,0.83,player_reception_yds,Noah Fant,Under,,15.5,14.5,4,3,point_down,0.0,-1.0,45.0
2026-10-05T23:24:55Z,football_nfl,32677,2026-10-06T00:15:00Z,0.83,player_rush_yds,Brian Robinson,Over,,28.5,29.5,3,3,point_up,0.0,1.0,45.0
2026-10-05T23:24:55Z,football_nfl,32677,2026-10-06T00:15:00Z,0.83,player_rush_yds,Brian Robinson,Under,,28.5,29.5,3,3,point_up,0.0,1.0,45.0
2026-10-05T23:24:55Z,football_nfl,32677,2026-10-06T00:15:00Z,0.83,player_receptions,Austin Hooper,Over,,0.5,0.5,14,8,lengthening,-0.0457,0.0,36.6
2026-10-05T23:24:55Z,football_nfl,32677,2026-10-06T00:15:00Z,0.83,player_receptions,Bijan Robinson,Over,,4.5,4.5,22,12,lengthening,-0.0304,0.0,36.4
2026-10-05T23:24:55Z,football_nfl,32677,2026-10-06T00:15:00Z,0.83,player_receptions,Juwan Johnson,Over,,3.5,3.5,10,8,shortening,0.0446,0.0,35.7
2026-10-05T23:24:55Z,football_nfl,32677,2026-10-06T00:15:00Z,0.83,player_receptions,Juwan Johnson,4+ Receptions,,,,7,7,shortening,0.0504,,35.3
2026-10-05T23:24:55Z,football_nfl,32677,2026-10-06T00:15:00Z,0.83,player_rush_yds,Kendre Miller,25+ Rushing Yards,,,,8,6,shortening,0.058,,34.8
2026-10-05T23:24:55Z,football_nfl,32677,2026-10-06T00:15:00Z,0.83,player_rush_yds,Kendre Miller,20+ Rushing Yards,,,,7,6,shortening,0.0574,,34.5
2026-10-05T23:24:55Z,football_nfl,32677,2026-10-06T00:15:00Z,0.83,player_rush_yds,Kendre Miller,30+ Rushing Yards,,,,7,6,shortening,0.0573,,34.4
2026-10-05T23:24:55Z,football_nfl,32677,2026-10-06T00:15:00Z,0.83,player_receptions,Drake London,Over,,5.5,5.5,16,6,shortening,0.0552,0.0,33.1
2026-10-05T23:24:55Z,football_nfl,32677,2026-10-06T00:15:00Z,0.83,player_reception_yds,Juwan Johnson,Under,,49.5,49.5,7,4,lengthening,-0.0805,0.0,32.2
2026-10-05T23:24:55Z,football_nfl,32677,2026-10-06T00:15:00Z,0.83,player_receptions,Zachariah Branch,Over,,0.5,0.5,15,10,shortening,0.0317,0.0,31.7
2026-10-05T23:24:55Z,football_nfl,32677,2026-10-06T00:15:00Z,0.83,player_receptions,Juwan Johnson,Under,,3.5,3.5,10,7,lengthening,-0.0441,0.0,30.9
2026-10-05T23:24:55Z,football_nfl,32677,2026-10-06T00:15:00Z,0.83,player_rush_yds,Kendre Miller,40+ Rushing Yards,,,,8,7,shortening,0.0428,,30.0
2026-10-05T23:24:55Z,football_nfl,32677,2026-10-06T00:15:00Z,0.83,player_receptions,Drake London,Under,,5.5,5.5,15,5,lengthening,-0.0573,0.0,28.7
2026-10-05T23:24:55Z,football_nfl,32677,2026-10-06T00:15:00Z,0.83,player_receptions,Bijan Robinson,Under,,4.5,4.5,21,8,shortening,0.0347,0.0,27.8
2026-10-05T23:24:55Z,football_nfl,32677,2026-10-06T00:15:00Z,0.83,player_reception_yds,Juwan Johnson,Over,,45.5,45.5,6,3,shortening,0.0885,0.0,26.5
2026-10-05T23:24:55Z,football_nfl,32677,2026-10-06T00:15:00Z,0.83,player_receptions,Olamide Zaccheaus,Over,,1.5,1.5,21,8,shortening,0.0328,0.0,26.3
2026-10-05T23:24:55Z,football_nfl,32677,2026-10-06T00:15:00Z,0.83,player_receptions,Olamide Zaccheaus,Under,,1.5,1.5,20,9,lengthening,-0.0291,0.0,26.2
2026-10-05T23:24:55Z,football_nfl,32677,2026-10-06T00:15:00Z,0.83,player_reception_yds,Noah Fant,Under,,16.5,16.5,14,3,shortening,0.0875,0.0,26.2
2026-10-05T23:24:55Z,football_nfl,32677,2026-10-06T00:15:00Z,0.83,player_receptions,Zachariah Branch,Under,,0.5,0.5,15,9,lengthening,-0.029,0.0,26.1
2026-10-05T23:24:55Z,football_nfl,32677,2026-10-06T00:15:00Z,0.83,player_receptions,Juwan Johnson,Over,,5.5,5.5,5,4,shortening,0.0631,0.0,25.2
2026-10-05T23:24:55Z,football_nfl,32677,2026-10-06T00:15:00Z,0.83,player_reception_yds,Noah Fant,Under,,14.5,14.5,7,3,shortening,0.0827,0.0,24.8
2026-10-05T23:24:55Z,football_nfl,32677,2026-10-06T00:15:00Z,0.83,player_reception_yds,Juwan Johnson,Over,,44.5,44.5,7,3,shortening,0.0811,0.0,24.3
2026-10-05T23:24:55Z,football_nfl,32677,2026-10-06T00:15:00Z,0.83,player_receptions,Austin Hooper,Under,,0.5,0.5,13,7,shortening,0.0345,0.0,24.2
2026-10-05T23:24:55Z,football_nfl,32677,2026-10-06T00:15:00Z,0.83,player_receptions,Juwan Johnson,5+ Receptions,,,,7,6,shortening,0.0391,,23.5
2026-10-05T23:24:55Z,football_nfl,32677,2026-10-06T00:15:00Z,0.83,player_reception_yds,Zachariah Branch,25+ Receiving Yards,,,,5,3,shortening,0.0747,,22.4
2026-10-05T23:24:55Z,football_nfl,32677,2026-10-06T00:15:00Z,0.83,player_reception_yds,Zachariah Branch,15+ Receiving Yards,,,,4,3,shortening,0.0725,,21.7
2026-10-05T23:24:55Z,football_nfl,32677,2026-10-06T00:15:00Z,0.83,player_receptions,Juwan Johnson,6+ Receptions,,,,7,6,shortening,0.036,,21.6
2026-10-05T23:24:55Z,football_nfl,32677,2026-10-06T00:15:00Z,0.83,player_receptions,Zachariah Branch,2+ Receptions,,,,5,3,shortening,0.067,,20.1
2026-10-05T23:24:55Z,football_nfl,32677,2026-10-06T00:15:00Z,0.83,player_reception_yds,Kendre Miller,15+ Receiving Yards,,,,3,3,shortening,0.0646,,19.4
2026-10-05T23:24:55Z,football_nfl,32677,2026-10-06T00:15:00Z,0.83,player_receptions,Kendre Miller,Under,,0.5,0.5,6,4,lengthening,-0.0474,0.0,19.0
2026-10-05T23:24:55Z,football_nfl,32677,2026-10-06T00:15:00Z,0.83,player_rush_yds,Alvin Kamara,25+ Rushing Yards,,,,7,5,lengthening,-0.0376,,18.8
2026-10-05T23:24:55Z,football_nfl,32677,2026-10-06T00:15:00Z,0.83,player_rush_yds,Kendre Miller,50+ Rushing Yards,,,,9,6,shortening,0.0306,,18.4
2026-10-05T23:24:55Z,football_nfl,32677,2026-10-06T00:15:00Z,0.83,player_reception_yds,Kendre Miller,25+ Receiving Yards,,,,6,4,shortening,0.0456,,18.3
2026-10-05T23:24:55Z,football_nfl,32677,2026-10-06T00:15:00Z,0.83,player_receptions,Juwan Johnson,Under,,5.5,5.5,5,3,lengthening,-0.0599,0.0,18.0
2026-10-05T23:24:55Z,football_nfl,32677,2026-10-06T00:15:00Z,0.83,player_rush_yds,Kendre Miller,10+ Rushing Yards,,,,6,5,shortening,0.0348,,17.4
2026-10-05T23:24:55Z,football_nfl,32677,2026-10-06T00:15:00Z,0.83,player_rush_yds,Alvin Kamara,30+ Rushing Yards,,,,7,3,lengthening,-0.0567,,17.0
2026-10-05T23:24:55Z,football_nfl,32677,2026-10-06T00:15:00Z,0.83,player_receptions,Kendre Miller,3+ Receptions,,,,4,3,shortening,0.0559,,16.8
2026-10-05T23:24:55Z,football_nfl,32677,2026-10-06T00:15:00Z,0.83,player_rush_yds,Alvin Kamara,50+ Rushing Yards,,,,9,4,lengthening,-0.0409,,16.4
2026-10-05T23:24:55Z,football_nfl,32677,2026-10-06T00:15:00Z,0.83,player_rush_yds,Alvin Kamara,40+ Rushing Yards,,,,8,3,lengthening,-0.0543,,16.3
2026-10-05T23:24:55Z,football_nfl,32677,2026-10-06T00:15:00Z,0.83,player_receptions,Juwan Johnson,7+ Receptions,,,,7,5,shortening,0.0304,,15.2
2026-10-05T23:24:55Z,football_nfl,32677,2026-10-06T00:15:00Z,0.83,player_rush_yds,Kendre Miller,15+ Rushing Yards,,,,5,4,shortening,0.0375,,15.0
2026-10-05T23:24:55Z,football_nfl,32677,2026-10-06T00:15:00Z,0.83,player_receptions,Kendre Miller,Over,,0.5,0.5,6,3,shortening,0.0486,0.0,14.6
2026-10-05T23:24:55Z,football_nfl,32677,2026-10-06T00:15:00Z,0.83,player_receptions,Juwan Johnson,Over,,2.5,2.5,5,3,shortening,0.0483,0.0,14.5
2026-10-05T23:24:55Z,football_nfl,32677,2026-10-06T00:15:00Z,0.83,player_receptions,Zachariah Branch,3+ Receptions,,,,5,3,shortening,0.0479,,14.4
2026-10-05T23:24:55Z,football_nfl,32677,2026-10-06T00:15:00Z,0.83,player_receptions,Kendre Miller,Under,,1.5,1.5,11,3,shortening,0.048,0.0,14.4
2026-10-05T23:24:55Z,football_nfl,32677,2026-10-06T00:15:00Z,0.83,player_reception_yds,Drake London,Under,,78.5,78.5,10,4,lengthening,-0.0358,0.0,14.3
2026-10-05T23:24:55Z,football_nfl,32677,2026-10-06T00:15:00Z,0.83,player_pass_completions,Michael Penix,Under,,19.5,19.5,5,3,lengthening,-0.0465,0.0,14.0
2026-10-05T23:24:55Z,football_nfl,32677,2026-10-06T00:15:00Z,0.83,player_rush_yds,Alvin Kamara,Under,,39.5,39.5,8,4,shortening,0.0345,0.0,13.8
2026-10-05T23:24:55Z,football_nfl,32677,2026-10-06T00:15:00Z,0.83,player_reception_yds,Bijan Robinson,30+ Receiving Yards,,,,6,3,lengthening,-0.0452,,13.6
2026-10-05T23:24:55Z,football_nfl,32677,2026-10-06T00:15:00Z,0.83,player_receptions,Bijan Robinson,4+ Receptions,,,,7,4,lengthening,-0.0335,,13.4
2026-10-05T23:24:55Z,football_nfl,32677,2026-10-06T00:15:00Z,0.83,player_rush_yds,Kendre Miller,Over,,24.5,24.5,10,4,shortening,0.033,0.0,13.2
2026-10-05T23:24:55Z,football_nfl,32677,2026-10-06T00:15:00Z,0.83,player_receptions,Juwan Johnson,3+ Receptions,,,,7,5,shortening,0.0262,,13.1
2026-10-05T23:24:55Z,football_nfl,32677,2026-10-06T00:15:00Z,0.83,player_pass_completions,Michael Penix,Over,,19.5,19.5,5,3,shortening,0.0412,0.0,12.4
2026-10-05T23:24:55Z,football_nfl,32677,2026-10-06T00:15:00Z,0.83,player_receptions,Kendre Miller,Over,,1.5,1.5,11,3,lengthening,-0.0413,0.0,12.4
2026-10-05T23:24:55Z,football_nfl,32677,2026-10-06T00:15:00Z,0.83,player_reception_yds,Bryce Lance,Under,,15.5,15.5,11,4,lengthening,-0.0305,0.0,12.2
2026-10-05T23:24:55Z,football_nfl,32677,2026-10-06T00:15:00Z,0.83,player_receptions,Bryce Lance,Over,,1.5,1.5,18,5,shortening,0.0237,0.0,11.9
2026-10-05T23:24:55Z,football_nfl,32677,2026-10-06T00:15:00Z,0.83,player_reception_yds,Bryce Lance,15+ Receiving Yards,,,,4,3,shortening,0.039,,11.7
2026-10-05T23:24:55Z,football_nfl,32677,2026-10-06T00:15:00Z,0.83,player_receptions,Bryce Lance,Under,,1.5,1.5,17,5,lengthening,-0.0231,0.0,11.6
2026-10-05T23:24:55Z,football_nfl,32677,2026-10-06T00:15:00Z,0.83,player_receptions,Juwan Johnson,Under,,2.5,2.5,4,3,lengthening,-0.0384,0.0,11.5
2026-10-05T23:24:55Z,football_nfl,32677,2026-10-06T00:15:00Z,0.83,player_reception_yds,Bryce Lance,20+ Receiving Yards,,,,5,4,shortening,0.0287,,11.5
2026-10-05T23:24:55Z,football_nfl,32677,2026-10-06T00:15:00Z,0.83,player_reception_yds,Chris Olave,80+ Receiving Yards,,,,7,4,shortening,0.0282,,11.3
2026-10-05T23:24:55Z,football_nfl,32677,2026-10-06T00:15:00Z,0.83,player_rush_yds,Alvin Kamara,60+ Rushing Yards,,,,7,3,lengthening,-0.0375,,11.3
2026-10-05T23:24:55Z,football_nfl,32677,2026-10-06T00:15:00Z,0.83,player_reception_yds,Jahan Dotson,40+ Receiving Yards,,,,8,3,shortening,0.0375,,11.2
2026-10-05T23:24:55Z,football_nfl,32677,2026-10-06T00:15:00Z,0.83,player_rush_yds,Kendre Miller,60+ Rushing Yards,,,,6,4,shortening,0.0278,,11.1
2026-10-05T23:24:55Z,football_nfl,32677,2026-10-06T00:15:00Z,0.83,player_rush_yds,Alvin Kamara,Over,,39.5,39.5,9,3,lengthening,-0.0365,0.0,11.0
2026-10-05T23:24:55Z,football_nfl,32677,2026-10-06T00:15:00Z,0.83,player_reception_yds,Kyle Pitts,30+ Receiving Yards,,,,6,3,shortening,0.0362,,10.9
2026-10-05T23:24:55Z,football_nfl,32677,2026-10-06T00:15:00Z,0.83,player_reception_yds,Devaughn Vele,70+ Receiving Yards,,,,6,3,shortening,0.0364,,10.9
2026-10-05T23:24:55Z,football_nfl,32677,2026-10-06T00:15:00Z,0.83,player_receptions,Kendre Miller,2+ Receptions,,,,4,3,shortening,0.0354,,10.6
2026-10-05T23:24:55Z,football_nfl,32677,2026-10-06T00:15:00Z,0.83,player_reception_yds,Drake London,Over,,78.5,78.5,10,3,shortening,0.0353,0.0,10.6
2026-10-05T23:24:55Z,football_nfl,32677,2026-10-06T00:15:00Z,0.83,player_receptions,Bijan Robinson,5+ Receptions,,,,6,3,lengthening,-0.0332,,10.0
2026-10-05T23:24:55Z,football_nfl,32677,2026-10-06T00:15:00Z,0.83,player_reception_yds,Bijan Robinson,Over,,29.5,29.5,4,3,lengthening,-0.0333,0.0,10.0
2026-10-05T23:24:55Z,football_nfl,32677,2026-10-06T00:15:00Z,0.83,player_reception_yds,Devaughn Vele,90+ Receiving Yards,,,,5,3,shortening,0.032,,9.6
2026-10-05T23:24:55Z,football_nfl,32677,2026-10-06T00:15:00Z,0.83,player_reception_yds,Juwan Johnson,Over,,39.5,39.5,9,3,shortening,0.0315,0.0,9.5
2026-10-05T23:24:55Z,football_nfl,32677,2026-10-06T00:15:00Z,0.83,player_reception_yds,Juwan Johnson,50+ Receiving Yards,,,,9,3,shortening,0.0317,,9.5
2026-10-05T23:24:55Z,football_nfl,32677,2026-10-06T00:15:00Z,0.83,player_reception_yds,Bijan Robinson,25+ Receiving Yards,,,,6,3,lengthening,-0.0311,,9.3
2026-10-05T23:24:55Z,football_nfl,32677,2026-10-06T00:15:00Z,0.83,player_reception_yds,Bryce Lance,30+ Receiving Yards,,,,5,4,shortening,0.023,,9.2
2026-10-05T23:24:55Z,football_nfl,32677,2026-10-06T00:15:00Z,0.83,player_reception_yds,Bryce Lance,25+ Receiving Yards,,,,7,4,shortening,0.0227,,9.1
2026-10-05T23:24:55Z,football_nfl,32677,2026-10-06T00:15:00Z,0.83,player_reception_yds,Juwan Johnson,Under,,44.5,44.5,7,3,lengthening,-0.0302,0.0,9.0
2026-10-05T23:24:55Z,football_nfl,32677,2026-10-06T00:15:00Z,0.83,player_reception_yds,Chris Olave,100+ Receiving Yards,,,,8,3,shortening,0.0299,,9.0
2026-10-05T23:24:55Z,football_nfl,32677,2026-10-06T00:15:00Z,0.83,player_reception_yds,Olamide Zaccheaus,10+ Receiving Yards,,,,4,3,shortening,0.03,,9.0
2026-10-05T23:24:55Z,football_nfl,32677,2026-10-06T00:15:00Z,0.83,player_reception_yds,Olamide Zaccheaus,15+ Receiving Yards,,,,3,3,shortening,0.0301,,9.0
2026-10-05T23:24:55Z,football_nfl,32677,2026-10-06T00:15:00Z,0.83,player_receptions,Bijan Robinson,Over,,3.5,3.5,5,3,lengthening,-0.0285,0.0,8.6
2026-10-05T23:24:55Z,football_nfl,32677,2026-10-06T00:15:00Z,0.83,player_reception_yds,Chris Olave,125+ Receiving Yards,,,,6,4,shortening,0.0214,,8.6
2026-10-05T23:24:55Z,football_nfl,32677,2026-10-06T00:15:00Z,0.83,player_reception_yds,Bijan Robinson,50+ Receiving Yards,,,,9,3,lengthening,-0.0278,,8.3
2026-10-05T23:24:55Z,football_nfl,32677,2026-10-06T00:15:00Z,0.83,player_reception_yds,Bijan Robinson,40+ Receiving Yards,,,,8,3,lengthening,-0.027,,8.1
2026-10-05T23:24:55Z,football_nfl,32677,2026-10-06T00:15:00Z,0.83,player_rush_yds,Alvin Kamara,70+ Rushing Yards,,,,6,3,lengthening,-0.0268,,8.0
2026-10-05T23:24:55Z,football_nfl,32677,2026-10-06T00:15:00Z,0.83,player_reception_yds,Noah Fant,Over,,16.5,16.5,14,3,lengthening,-0.0248,0.0,7.4
2026-10-05T23:24:55Z,football_nfl,32677,2026-10-06T00:15:00Z,0.83,player_receptions,Bijan Robinson,Over,,5.5,5.5,5,3,lengthening,-0.0242,0.0,7.3
2026-10-05T23:24:55Z,football_nfl,32677,2026-10-06T00:15:00Z,0.83,player_receptions,Bijan Robinson,6+ Receptions,,,,7,3,lengthening,-0.0243,,7.3
2026-10-05T23:24:55Z,football_nfl,32677,2026-10-06T00:15:00Z,0.83,player_receptions,Juwan Johnson,8+ Receptions,,,,7,3,shortening,0.0244,,7.3
2026-10-05T23:24:55Z,football_nfl,32677,2026-10-06T00:15:00Z,0.83,player_reception_yds,Juwan Johnson,40+ Receiving Yards,,,,8,3,shortening,0.0229,,6.9
2026-10-08T12:21:27Z,football_nfl,32678,2026-10-09T00:15:00Z,11.89,player_reception_yds,Cade Otton,Over,,28.5,29.5,7,7,point_up,0.0,1.0,100.0
2026-10-08T12:21:27Z,football_nfl,32678,2026-10-09T00:15:00Z,11.89,player_reception_yds,Cade Otton,Under,,28.5,29.5,7,7,point_up,0.0,1.0,100.0
2026-10-08T12:21:27Z,football_nfl,32678,2026-10-09T00:15:00Z,11.89,player_reception_yds,Ted Hurst,Over,,20.5,21.5,5,5,point_up,0.0,1.0,75.0
2026-10-08T12:21:27Z,football_nfl,32678,2026-10-09T00:15:00Z,11.89,player_reception_yds,Ted Hurst,Under,,20.5,21.5,5,5,point_up,0.0,1.0,75.0
2026-10-08T12:21:27Z,football_nfl,32678,2026-10-09T00:15:00Z,11.89,player_reception_yds,CeeDee Lamb,Over,,81.0,82.5,4,4,point_up,0.0,1.25,75.0
2026-10-08T12:21:27Z,football_nfl,32678,2026-10-09T00:15:00Z,11.89,player_reception_yds,CeeDee Lamb,Under,,81.0,82.5,4,4,point_up,0.0,1.25,75.0
2026-10-08T12:21:27Z,football_nfl,32678,2026-10-09T00:15:00Z,11.89,player_pass_yds,Dak Prescott,Over,,263.5,264.5,3,3,point_up,0.0,1.33,60.0
2026-10-08T12:21:27Z,football_nfl,32678,2026-10-09T00:15:00Z,11.89,player_pass_yds,Dak Prescott,Under,,263.5,264.5,3,3,point_up,0.0,1.33,60.0
2026-10-08T12:21:27Z,football_nfl,32678,2026-10-09T00:15:00Z,11.89,player_receptions,Chris Godwin,Under,,3.5,3.5,14,3,lengthening,-0.0326,0.0,9.8
2026-10-08T13:50:32Z,football_nfl,32678,2026-10-09T00:15:00Z,10.41,player_reception_yds,CeeDee Lamb,Over,,81.0,82.5,7,6,point_up,0.0,1.17,100.0
2026-10-08T13:50:32Z,football_nfl,32678,2026-10-09T00:15:00Z,10.41,player_reception_yds,CeeDee Lamb,Under,,81.0,82.5,7,6,point_up,0.0,1.17,100.0
2026-10-08T13:50:32Z,football_nfl,32678,2026-10-09T00:15:00Z,10.41,player_pass_yds,Dak Prescott,Over,,266.5,267.5,12,7,point_up,0.0,2.14,100.0
2026-10-08T13:50:32Z,football_nfl,32678,2026-10-09T00:15:00Z,10.41,player_pass_yds,Dak Prescott,Under,,266.5,267.5,12,7,point_up,0.0,2.14,100.0
2026-10-08T13:50:32Z,football_nfl,32678,2026-10-09T00:15:00Z,10.41,player_pass_yds,Jalon Daniels,Over,,181.0,182.5,6,6,point_up,0.0,1.33,100.0
2026-10-08T13:50:32Z,football_nfl,32678,2026-10-09T00:15:00Z,10.41,player_pass_yds,Jalon Daniels,Under,,181.0,182.5,6,6,point_up,0.0,1.33,100.0
2026-10-08T13:50:32Z,football_nfl,32678,2026-10-09T00:15:00Z,10.41,player_reception_yds,Cade Otton,Over,,28.5,29.5,7,7,point_up,0.0,1.29,100.0
2026-10-08T13:50:32Z,football_nfl,32678,2026-10-09T00:15:00Z,10.41,player_reception_yds,Cade Otton,Under,,28.5,29.5,7,7,point_up,0.0,1.29,100.0
2026-10-08T13:50:32Z,football_nfl,32678,2026-10-09T00:15:00Z,10.41,player_reception_yds,George Pickens,Over,,62.5,64.5,4,4,point_up,0.0,1.5,90.0
2026-10-08T13:50:32Z,football_nfl,32678,2026-10-09T00:15:00Z,10.41,player_reception_yds,George Pickens,Under,,62.5,64.5,4,4,point_up,0.0,1.5,90.0
2026-10-08T13:50:32Z,football_nfl,32678,2026-10-09T00:15:00Z,10.41,player_reception_yds,Javonte Williams,Over,,15.5,14.5,5,5,point_down,0.0,-1.0,75.0
2026-10-08T13:50:32Z,football_nfl,32678,2026-10-09T00:15:00Z,10.41,player_reception_yds,Javonte Williams,Under,,15.5,14.5,5,5,point_down,0.0,-1.0,75.0
2026-10-08T13:50:32Z,football_nfl,32678,2026-10-09T00:15:00Z,10.41,player_reception_yds,Ted Hurst III,Over,,21.5,20.5,3,3,point_down,0.0,-1.0,45.0
2026-10-08T13:50:32Z,football_nfl,32678,2026-10-09T00:15:00Z,10.41,player_reception_yds,Ted Hurst III,Under,,21.5,20.5,3,3,point_down,0.0,-1.0,45.0
2026-10-08T13:50:32Z,football_nfl,32678,2026-10-09T00:15:00Z,10.41,player_receptions,Ted Hurst,Over,,1.5,1.5,13,10,lengthening,-0.0295,0.0,29.5
2026-10-08T13:50:32Z,football_nfl,32678,2026-10-09T00:15:00Z,10.41,player_reception_yds,Javonte Williams,Under,,15.5,15.5,8,3,shortening,0.0906,0.0,27.2
2026-10-08T13:50:32Z,football_nfl,32678,2026-10-09T00:15:00Z,10.41,player_receptions,Ted Hurst,Under,,1.5,1.5,12,9,shortening,0.0278,0.0,25.0
2026-10-08T13:50:32Z,football_nfl,32678,2026-10-09T00:15:00Z,10.41,player_receptions,Ted Hurst III,Over,,1.5,1.5,6,5,lengthening,-0.0367,0.0,18.4
2026-10-08T13:50:32Z,football_nfl,32678,2026-10-09T00:15:00Z,10.41,player_receptions,Ted Hurst III,Under,,1.5,1.5,6,5,shortening,0.0353,0.0,17.6
2026-10-08T13:50:32Z,football_nfl,32678,2026-10-09T00:15:00Z,10.41,player_reception_yds,Brevyn Spann-Ford,Over,,5.5,5.5,5,3,lengthening,-0.0468,0.0,14.0
2026-10-08T13:50:32Z,football_nfl,32678,2026-10-09T00:15:00Z,10.41,player_pass_completions,Dak Prescott,Under,,23.5,23.5,17,3,lengthening,-0.0444,0.0,13.3
2026-10-08T13:50:32Z,football_nfl,32678,2026-10-09T00:15:00Z,10.41,player_pass_completions,Dak Prescott,Over,,23.5,23.5,18,5,shortening,0.0235,0.0,11.7
2026-10-08T13:50:32Z,football_nfl,32678,2026-10-09T00:15:00Z,10.41,player_receptions,George Pickens,Under,,4.5,4.5,21,4,lengthening,-0.0237,0.0,9.5
2026-10-08T13:50:32Z,football_nfl,32678,2026-10-09T00:15:00Z,10.41,player_reception_yds,Brevyn Spann-Ford,10+ Receiving Yards,,,,3,3,lengthening,-0.0291,,8.7
2026-10-08T13:50:32Z,football_nfl,32678,2026-10-09T00:15:00Z,10.41,player_receptions,CeeDee Lamb,5+ Receptions,,,,7,3,shortening,0.0285,,8.5
2026-10-08T13:50:32Z,football_nfl,32678,2026-10-09T00:15:00Z,10.41,player_receptions,George Pickens,6+ Receptions,,,,7,3,shortening,0.0247,,7.4
2026-10-08T13:50:32Z,football_nfl,32678,2026-10-09T00:15:00Z,10.41,player_receptions,George Pickens,Over,,4.5,4.5,22,3,shortening,0.0242,0.0,7.3
2026-10-08T13:50:32Z,football_nfl,32678,2026-10-09T00:15:00Z,10.41,player_receptions,George Pickens,5+ Receptions,,,,6,3,shortening,0.0239,,7.2
2026-10-08T13:50:32Z,football_nfl,32678,2026-10-09T00:15:00Z,10.41,player_receptions,Ted Hurst,3+ Receptions,,,,4,3,lengthening,-0.0209,,6.3
2026-10-08T20:01:15Z,football_nfl,32678,2026-10-09T00:15:00Z,4.23,player_receptions,Ted Hurst,Over,,1.5,1.5,14,14,lengthening,-0.0805,0.0,100.0
2026-10-08T20:01:15Z,football_nfl,32678,2026-10-09T00:15:00Z,4.23,player_receptions,Ted Hurst,Under,,1.5,1.5,13,13,shortening,0.0785,0.0,100.0
2026-10-08T20:01:15Z,football_nfl,32678,2026-10-09T00:15:00Z,4.23,player_pass_yds,Dak Prescott,Over,,267.5,270.5,14,13,point_up,0.0,3.62,100.0
2026-10-08T20:01:15Z,football_nfl,32678,2026-10-09T00:15:00Z,4.23,player_pass_yds,Dak Prescott,Under,,267.5,270.5,14,13,point_up,0.0,3.62,100.0
2026-10-08T20:01:15Z,football_nfl,32678,2026-10-09T00:15:00Z,4.23,player_pass_yds,Jalon Daniels,Over,,180.5,183.5,10,5,point_up,0.0,5.4,100.0
2026-10-08T20:01:15Z,football_nfl,32678,2026-10-09T00:15:00Z,4.23,player_pass_yds,Jalon Daniels,Under,,180.5,183.5,10,5,point_up,0.0,5.4,100.0
2026-10-08T20:01:15Z,football_nfl,32678,2026-10-09T00:15:00Z,4.23,player_reception_yds,Chris Godwin Jr.,Over,,29.5,33.0,6,6,point_up,0.0,3.5,100.0
2026-10-08T20:01:15Z,football_nfl,32678,2026-10-09T00:15:00Z,4.23,player_reception_yds,Chris Godwin Jr.,Under,,29.5,33.0,6,6,point_up,0.0,3.5,100.0
2026-10-08T20:01:15Z,football_nfl,32678,2026-10-09T00:15:00Z,4.23,player_reception_yds,George Pickens,Over,,62.5,64.5,13,12,point_up,0.0,2.08,100.0
2026-10-08T20:01:15Z,football_nfl,32678,2026-10-09T00:15:00Z,4.23,player_reception_yds,George Pickens,Under,,62.5,64.5,13,12,point_up,0.0,2.08,100.0
2026-10-08T20:01:15Z,football_nfl,32678,2026-10-09T00:15:00Z,4.23,player_reception_yds,Cade Otton,Over,,29.5,28.5,9,5,point_down,0.0,-1.8,100.0
2026-10-08T20:01:15Z,football_nfl,32678,2026-10-09T00:15:00Z,4.23,player_reception_yds,Cade Otton,Under,,29.5,28.5,9,5,point_down,0.0,-1.8,100.0
2026-10-08T20:01:15Z,football_nfl,32678,2026-10-09T00:15:00Z,4.23,player_reception_yds,CeeDee Lamb,Over,,81.5,84.0,16,16,point_up,0.0,2.88,100.0
2026-10-08T20:01:15Z,football_nfl,32678,2026-10-09T00:15:00Z,4.23,player_reception_yds,CeeDee Lamb,Under,,81.5,84.0,16,16,point_up,0.0,2.88,100.0
2026-10-08T20:01:15Z,football_nfl,32678,2026-10-09T00:15:00Z,4.23,player_reception_yds,Chris Godwin,Over,,29.5,33.0,9,8,point_up,0.0,3.88,100.0
2026-10-08T20:01:15Z,football_nfl,32678,2026-10-09T00:15:00Z,4.23,player_reception_yds,Chris Godwin,Under,,29.5,33.0,9,8,point_up,0.0,3.88,100.0
2026-10-08T20:01:15Z,football_nfl,32678,2026-10-09T00:15:00Z,4.23,player_reception_yds,Jake Ferguson,Over,,27.5,25.5,6,6,point_down,0.0,-2.0,100.0
2026-10-08T20:01:15Z,football_nfl,32678,2026-10-09T00:15:00Z,4.23,player_reception_yds,Jake Ferguson,Under,,27.5,25.5,6,6,point_down,0.0,-2.0,100.0
2026-10-08T20:01:15Z,football_nfl,32678,2026-10-09T00:15:00Z,4.23,player_reception_yds,Kavontae Turpin,Over,,3.5,0.5,4,3,point_down,0.0,-2.33,100.0
2026-10-08T20:01:15Z,football_nfl,32678,2026-10-09T00:15:00Z,4.23,player_reception_yds,Kavontae Turpin,Under,,3.5,0.5,4,3,point_down,0.0,-2.33,100.0
2026-10-08T20:01:15Z,football_nfl,32678,2026-10-09T00:15:00Z,4.23,player_reception_yds,Ted Hurst,Over,,20.5,16.5,10,10,point_down,0.0,-4.9,100.0
2026-10-08T20:01:15Z,football_nfl,32678,2026-10-09T00:15:00Z,4.23,player_reception_yds,Ted Hurst,Under,,20.5,16.5,10,10,point_down,0.0,-4.9,100.0
2026-10-08T20:01:15Z,football_nfl,32678,2026-10-09T00:15:00Z,4.23,player_reception_yds,Tez Johnson,Over,,13.5,12.5,11,9,point_down,0.0,-1.0,100.0
2026-10-08T20:01:15Z,football_nfl,32678,2026-10-09T00:15:00Z,4.23,player_reception_yds,Tez Johnson,Under,,13.5,12.5,11,9,point_down,0.0,-1.0,100.0
2026-10-08T20:01:15Z,football_nfl,32678,2026-10-09T00:15:00Z,4.23,player_reception_yds,Emeka Egbuka,Over,,35.5,36.5,6,6,point_up,0.0,1.83,100.0
2026-10-08T20:01:15Z,football_nfl,32678,2026-10-09T00:15:00Z,4.23,player_reception_yds,Emeka Egbuka,Under,,35.5,36.5,6,6,point_up,0.0,1.83,100.0
2026-10-08T20:01:15Z,football_nfl,32678,2026-10-09T00:15:00Z,4.23,player_reception_yds,Brevyn Spann-Ford,Over,,1.5,3.5,8,5,point_up,0.0,3.4,100.0
2026-10-08T20:01:15Z,football_nfl,32678,2026-10-09T00:15:00Z,4.23,player_reception_yds,Brevyn Spann-Ford,Under,,1.5,3.5,8,5,point_up,0.0,3.4,100.0
2026-10-08T20:01:15Z,football_nfl,32678,2026-10-09T00:15:00Z,4.23,player_reception_yds,Bucky Irving,Over,,12.5,14.5,5,3,point_up,0.0,2.67,100.0
2026-10-08T20:01:15Z,football_nfl,32678,2026-10-09T00:15:00Z,4.23,player_reception_yds,Bucky Irving,Under,,12.5,14.5,5,3,point_up,0.0,2.67,100.0
2026-10-08T20:01:15Z,football_nfl,32678,2026-10-09T00:15:00Z,4.23,player_reception_yds,Ryan Flournoy,Over,,31.5,30.5,7,5,point_down,0.0,-2.2,100.0
2026-10-08T20:01:15Z,football_nfl,32678,2026-10-09T00:15:00Z,4.23,player_reception_yds,Ryan Flournoy,Under,,31.5,30.5,7,5,point_down,0.0,-2.2,100.0
2026-10-08T20:01:15Z,football_nfl,32678,2026-10-09T00:15:00Z,4.23,player_reception_yds,Ted Hurst III,Over,,20.5,16.5,5,5,point_down,0.0,-4.4,100.0
2026-10-08T20:01:15Z,football_nfl,32678,2026-10-09T00:15:00Z,4.23,player_reception_yds,Ted Hurst III,Under,,20.5,16.5,5,5,point_down,0.0,-4.4,100.0
2026-10-08T20:01:15Z,football_nfl,32678,2026-10-09T00:15:00Z,4.23,player_reception_yds,Javonte Williams,Over,,14.5,13.5,5,5,point_down,0.0,-1.0,75.0
2026-10-08T20:01:15Z,football_nfl,32678,2026-10-09T00:15:00Z,4.23,player_reception_yds,Javonte Williams,Under,,14.5,13.5,5,5,point_down,0.0,-1.0,75.0
2026-10-08T20:01:15Z,football_nfl,32678,2026-10-09T00:15:00Z,4.23,player_receptions,Jake Ferguson,Over,,3.5,3.5,22,18,lengthening,-0.0383,0.0,68.9
2026-10-08T20:01:15Z,football_nfl,32678,2026-10-09T00:15:00Z,4.23,player_receptions,Jake Ferguson,Under,,3.5,3.5,21,16,shortening,0.0422,0.0,67.6
2026-10-08T20:01:15Z,football_nfl,32678,2026-10-09T00:15:00Z,4.23,player_reception_yds,Kenneth Gainwell,Over,,10.5,11.5,3,3,point_up,0.0,1.33,60.0
2026-10-08T20:01:15Z,football_nfl,32678,2026-10-09T00:15:00Z,4.23,player_reception_yds,Kenneth Gainwell,Under,,10.5,11.5,3,3,point_up,0.0,1.33,60.0
2026-10-08T20:01:15Z,football_nfl,32678,2026-10-09T00:15:00Z,4.23,player_reception_yds,Ted Hurst,Under,,21.5,21.5,5,3,shortening,0.153,0.0,45.9
2026-10-08T20:01:15Z,football_nfl,32678,2026-10-09T00:15:00Z,4.23,player_pass_attempts,Dak Prescott,Over,,33.5,34.5,3,3,point_up,0.0,1.0,45.0
2026-10-08T20:01:15Z,football_nfl,32678,2026-10-09T00:15:00Z,4.23,player_pass_attempts,Dak Prescott,Under,,33.5,34.5,3,3,point_up,0.0,1.0,45.0
2026-10-08T20:01:15Z,football_nfl,32678,2026-10-09T00:15:00Z,4.23,player_pass_completions,Jalon Daniels,Over,,17.5,18.5,3,3,point_up,0.0,1.0,45.0
2026-10-08T20:01:15Z,football_nfl,32678,2026-10-09T00:15:00Z,4.23,player_pass_completions,Jalon Daniels,Under,,17.5,18.5,3,3,point_up,0.0,1.0,45.0
2026-10-08T20:01:15Z,football_nfl,32678,2026-10-09T00:15:00Z,4.23,player_receptions,Chris Godwin,Over,,3.5,3.5,15,11,shortening,0.0401,0.0,44.1
2026-10-08T20:01:15Z,football_nfl,32678,2026-10-09T00:15:00Z,4.23,player_receptions,CeeDee Lamb,Over,,6.5,6.5,22,14,shortening,0.0304,0.0,42.6
2026-10-08T20:01:15Z,football_nfl,32678,2026-10-09T00:15:00Z,4.23,player_pass_completions,Dak Prescott,Over,,23.5,23.5,18,12,shortening,0.0348,0.0,41.7
2026-10-08T20:01:15Z,football_nfl,32678,2026-10-09T00:15:00Z,4.23,player_receptions,Chris Godwin,Under,,3.5,3.5,14,10,lengthening,-0.0408,0.0,40.8
2026-10-08T20:01:15Z,football_nfl,32678,2026-10-09T00:15:00Z,4.23,player_receptions,George Pickens,Under,,4.5,4.5,21,12,lengthening,-0.0335,0.0,40.2
2026-10-08T20:01:15Z,football_nfl,32678,2026-10-09T00:15:00Z,4.23,player_pass_completions,Dak Prescott,Under,,23.5,23.5,17,11,lengthening,-0.0364,0.0,40.0
2026-10-08T20:01:15Z,football_nfl,32678,2026-10-09T00:15:00Z,4.23,player_receptions,George Pickens,Over,,4.5,4.5,22,12,shortening,0.0327,0.0,39.2
2026-10-08T20:01:15Z,football_nfl,32678,2026-10-09T00:15:00Z,4.23,player_reception_yds,Chris Godwin,Over,,29.5,29.5,5,3,shortening,0.1152,0.0,34.6
2026-10-08T20:01:15Z,football_nfl,32678,2026-10-09T00:15:00Z,4.23,player_reception_yds,Chris Godwin,50+ Receiving Yards,,,,8,6,shortening,0.0577,,34.6
2026-10-08T20:01:15Z,football_nfl,32678,2026-10-09T00:15:00Z,4.23,player_reception_yds,Chris Godwin,40+ Receiving Yards,,,,7,5,shortening,0.0684,,34.2
2026-10-08T20:01:15Z,football_nfl,32678,2026-10-09T00:15:00Z,4.23,player_reception_yds,Ted Hurst,20+ Receiving Yards,,,,5,4,lengthening,-0.0856,,34.2
2026-10-08T20:01:15Z,football_nfl,32678,2026-10-09T00:15:00Z,4.23,player_receptions,Ted Hurst III,Under,,1.5,1.5,6,5,shortening,0.0682,0.0,34.1
2026-10-08T20:01:15Z,football_nfl,32678,2026-10-09T00:15:00Z,4.23,player_receptions,Ted Hurst III,Over,,1.5,1.5,6,5,lengthening,-0.0676,0.0,33.8
2026-10-08T20:01:15Z,football_nfl,32678,2026-10-09T00:15:00Z,4.23,player_reception_yds,Chris Godwin,60+ Receiving Yards,,,,7,6,shortening,0.0548,,32.9
2026-10-08T20:01:15Z,football_nfl,32678,2026-10-09T00:15:00Z,4.23,player_reception_yds,Ted Hurst,30+ Receiving Yards,,,,4,4,lengthening,-0.0797,,31.9
2026-10-08T20:01:15Z,football_nfl,32678,2026-10-09T00:15:00Z,4.23,player_reception_yds,Ted Hurst,25+ Receiving Yards,,,,4,4,lengthening,-0.0764,,30.6
2026-10-08T20:01:15Z,football_nfl,32678,2026-10-09T00:15:00Z,4.23,player_reception_yds,Ted Hurst,40+ Receiving Yards,,,,5,5,lengthening,-0.0597,,29.9
2026-10-08T20:01:15Z,football_nfl,32678,2026-10-09T00:15:00Z,4.23,player_receptions,CeeDee Lamb,Under,,6.5,6.5,21,8,lengthening,-0.0346,0.0,27.7
2026-10-08T20:01:15Z,football_nfl,32678,2026-10-09T00:15:00Z,4.23,player_reception_yds,Chris Godwin,25+ Receiving Yards,,,,5,5,shortening,0.0533,,26.7
2026-10-08T20:01:15Z,football_nfl,32678,2026-10-09T00:15:00Z,4.23,player_receptions,Ted Hurst,2+ Receptions,,,,3,3,lengthening,-0.0876,,26.3
2026-10-08T20:01:15Z,football_nfl,32678,2026-10-09T00:15:00Z,4.23,player_receptions,Ted Hurst,3+ Receptions,,,,4,4,lengthening,-0.0649,,26.0
2026-10-08T20:01:15Z,football_nfl,32678,2026-10-09T00:15:00Z,4.23,player_pass_completions,Jalon Daniels,Over,,17.5,17.5,15,8,shortening,0.0316,0.0,25.3
2026-10-08T20:01:15Z,football_nfl,32678,2026-10-09T00:15:00Z,4.23,player_reception_yds,Chris Godwin,30+ Receiving Yards,,,,7,4,shortening,0.0622,,24.9
2026-10-08T20:01:15Z,football_nfl,32678,2026-10-09T00:15:00Z,4.23,player_receptions,Jake Ferguson,4+ Receptions,,,,6,6,lengthening,-0.0413,,24.8
2026-10-08T20:01:15Z,football_nfl,32678,2026-10-09T00:15:00Z,4.23,player_reception_yds,Ted Hurst,50+ Receiving Yards,,,,6,6,lengthening,-0.0402,,24.1
2026-10-08T20:01:15Z,football_nfl,32678,2026-10-09T00:15:00Z,4.23,player_reception_yds,Ted Hurst,10+ Receiving Yards,,,,3,3,lengthening,-0.0752,,22.5
2026-10-08T20:01:15Z,football_nfl,32678,2026-10-09T00:15:00Z,4.23,player_reception_yds,Chris Godwin,70+ Receiving Yards,,,,6,5,shortening,0.0432,,21.6
2026-10-08T20:01:15Z,football_nfl,32678,2026-10-09T00:15:00Z,4.23,player_pass_completions,Jalon Daniels,Under,,17.5,17.5,14,6,lengthening,-0.0342,0.0,20.5
2026-10-08T20:01:15Z,football_nfl,32678,2026-10-09T00:15:00Z,4.23,player_receptions,Jake Ferguson,5+ Receptions,,,,7,6,lengthening,-0.034,,20.4
2026-10-08T20:01:15Z,football_nfl,32678,2026-10-09T00:15:00Z,4.23,player_receptions,Chris Godwin Jr.,Over,,3.5,3.5,7,5,shortening,0.0406,0.0,20.3
2026-10-08T20:01:15Z,football_nfl,32678,2026-10-09T00:15:00Z,4.23,player_reception_yds,Chris Godwin,20+ Receiving Yards,,,,6,4,shortening,0.0505,,20.2
2026-10-08T20:01:15Z,football_nfl,32678,2026-10-09T00:15:00Z,4.23,player_receptions,Chris Godwin Jr.,Under,,3.5,3.5,7,5,lengthening,-0.04,0.0,20.0
2026-10-08T20:01:15Z,football_nfl,32678,2026-10-09T00:15:00Z,4.23,player_receptions,Jake Ferguson,3+ Receptions,,,,7,5,lengthening,-0.0399,,19.9
2026-10-08T20:01:15Z,football_nfl,32678,2026-10-09T00:15:00Z,4.23,player_receptions,CeeDee Lamb,6+ Receptions,,,,7,5,shortening,0.0386,,19.3
2026-10-08T20:01:15Z,football_nfl,32678,2026-10-09T00:15:00Z,4.23,player_receptions,Bucky Irving,Over,,2.5,2.5,21,6,lengthening,-0.0306,0.0,18.3
2026-10-08T20:01:15Z,football_nfl,32678,2026-10-09T00:15:00Z,4.23,player_receptions,Chris Godwin,5+ Receptions,,,,6,5,shortening,0.0352,,17.6
2026-10-08T20:01:15Z,football_nfl,32678,2026-10-09T00:15:00Z,4.23,player_reception_yds,Chris Godwin,Over,,28.5,28.5,7,3,shortening,0.0587,0.0,17.6
2026-10-08T20:01:15Z,football_nfl,32678,2026-10-09T00:15:00Z,4.23,player_receptions,CeeDee Lamb,8+ Receptions,,,,7,6,shortening,0.028,,16.8
2026-10-08T20:01:15Z,football_nfl,32678,2026-10-09T00:15:00Z,4.23,player_receptions,Emeka Egbuka,Under,,3.5,3.5,16,5,lengthening,-0.0337,0.0,16.8
2026-10-08T20:01:15Z,football_nfl,32678,2026-10-09T00:15:00Z,4.23,player_pass_tds,Dak Prescott,Over,,2.5,2.5,19,7,shortening,0.0235,0.0,16.5
2026-10-08T20:01:15Z,football_nfl,32678,2026-10-09T00:15:00Z,4.23,player_reception_yds,Chris Godwin,80+ Receiving Yards,,,,6,5,shortening,0.0331,,16.5
2026-10-08T20:01:15Z,football_nfl,32678,2026-10-09T00:15:00Z,4.23,player_receptions,Chris Godwin,4+ Receptions,,,,6,4,shortening,0.04,,16.0
2026-10-08T20:01:15Z,football_nfl,32678,2026-10-09T00:15:00Z,4.23,player_receptions,CeeDee Lamb,7+ Receptions,,,,7,4,shortening,0.0393,,15.7
2026-10-08T20:01:15Z,football_nfl,32678,2026-10-09T00:15:00Z,4.23,player_receptions,Brevyn Spann-Ford,Over,,0.5,0.5,11,3,lengthening,-0.0509,0.0,15.3
2026-10-08T20:01:15Z,football_nfl,32678,2026-10-09T00:15:00Z,4.23,player_receptions,Ted Hurst,4+ Receptions,,,,4,4,lengthening,-0.0365,,14.6
2026-10-08T20:01:15Z,football_nfl,32678,2026-10-09T00:15:00Z,4.23,player_pass_tds,Dak Prescott,Under,,2.5,2.5,19,6,lengthening,-0.0239,0.0,14.3
2026-10-08T20:01:15Z,football_nfl,32678,2026-10-09T00:15:00Z,4.23,player_receptions,Chris Godwin,6+ Receptions,,,,6,5,shortening,0.0285,,14.3
2026-10-08T20:01:15Z,football_nfl,32678,2026-10-09T00:15:00Z,4.23,player_receptions,Emeka Egbuka,Over,,3.5,3.5,17,4,shortening,0.0351,0.0,14.0
2026-10-08T20:01:15Z,football_nfl,32678,2026-10-09T00:15:00Z,4.23,player_receptions,Cade Otton,Over,,3.5,3.5,22,4,shortening,0.0345,0.0,13.8
2026-10-08T20:01:15Z,football_nfl,32678,2026-10-09T00:15:00Z,4.23,player_receptions,Bucky Irving,Under,,2.5,2.5,20,4,shortening,0.0336,0.0,13.4
2026-10-08T20:01:15Z,football_nfl,32678,2026-10-09T00:15:00Z,4.23,player_receptions,CeeDee Lamb,Over,,5.5,5.5,6,4,shortening,0.0317,0.0,12.7
2026-10-08T20:01:15Z,football_nfl,32678,2026-10-09T00:15:00Z,4.23,player_reception_yds,CeeDee Lamb,80+ Receiving Yards,,,,8,4,shortening,0.031,,12.4
2026-10-08T20:01:15Z,football_nfl,32678,2026-10-09T00:15:00Z,4.23,player_reception_yds,CeeDee Lamb,100+ Receiving Yards,,,,9,5,shortening,0.0245,,12.3
2026-10-08T20:01:15Z,football_nfl,32678,2026-10-09T00:15:00Z,4.23,player_receptions,CeeDee Lamb,9+ Receptions,,,,6,5,shortening,0.0241,,12.0
2026-10-08T20:01:15Z,football_nfl,32678,2026-10-09T00:15:00Z,4.23,player_reception_yds,CeeDee Lamb,70+ Receiving Yards,,,,7,4,shortening,0.028,,11.2
2026-10-08T20:01:15Z,football_nfl,32678,2026-10-09T00:15:00Z,4.23,player_receptions,Brevyn Spann-Ford,Under,,0.5,0.5,11,3,shortening,0.035,0.0,10.5
2026-10-08T20:01:15Z,football_nfl,32678,2026-10-09T00:15:00Z,4.23,player_receptions,Ryan Flournoy,Over,,3.5,3.5,19,4,shortening,0.0263,0.0,10.5
2026-10-08T20:01:15Z,football_nfl,32678,2026-10-09T00:15:00Z,4.23,player_receptions,Chris Godwin,3+ Receptions,,,,6,3,shortening,0.0348,,10.4
2026-10-08T20:01:15Z,football_nfl,32678,2026-10-09T00:15:00Z,4.23,player_reception_yds,CeeDee Lamb,90+ Receiving Yards,,,,7,4,shortening,0.0256,,10.3
2026-10-08T20:01:15Z,football_nfl,32678,2026-10-09T00:15:00Z,4.23,player_receptions,Emeka Egbuka,4+ Receptions,,,,7,3,shortening,0.0327,,9.8
2026-10-08T20:01:15Z,football_nfl,32678,2026-10-09T00:15:00Z,4.23,player_reception_yds,Chris Godwin,90+ Receiving Yards,,,,6,3,shortening,0.0324,,9.7
2026-10-08T20:01:15Z,football_nfl,32678,2026-10-09T00:15:00Z,4.23,player_pass_yds,Dak Prescott,250+ Passing Yards,,,,9,4,shortening,0.0235,,9.4
2026-10-08T20:01:15Z,football_nfl,32678,2026-10-09T00:15:00Z,4.23,player_reception_yds,Ted Hurst,60+ Receiving Yards,,,,4,3,lengthening,-0.0313,,9.4
2026-10-08T20:01:15Z,football_nfl,32678,2026-10-09T00:15:00Z,4.23,player_reception_yds,CeeDee Lamb,120+ Receiving Yards,,,,5,3,shortening,0.0309,,9.3
2026-10-08T20:01:15Z,football_nfl,32678,2026-10-09T00:15:00Z,4.23,player_reception_yds,Chris Godwin,10+ Receiving Yards,,,,4,3,shortening,0.0309,,9.3
2026-10-08T20:01:15Z,football_nfl,32678,2026-10-09T00:15:00Z,4.23,player_reception_yds,George Pickens,50+ Receiving Yards,,,,9,3,shortening,0.031,,9.3
2026-10-08T20:01:15Z,football_nfl,32678,2026-10-09T00:15:00Z,4.23,player_reception_yds,Chris Godwin,100+ Receiving Yards,,,,5,3,shortening,0.0306,,9.2
2026-10-08T20:01:15Z,football_nfl,32678,2026-10-09T00:15:00Z,4.23,player_reception_yds,Chris Godwin,Under,,28.5,28.5,7,3,lengthening,-0.0303,0.0,9.1
2026-10-08T20:01:15Z,football_nfl,32678,2026-10-09T00:15:00Z,4.23,player_receptions,Emeka Egbuka,3+ Receptions,,,,7,3,shortening,0.0288,,8.6
2026-10-08T20:01:15Z,football_nfl,32678,2026-10-09T00:15:00Z,4.23,player_receptions,Jake Ferguson,6+ Receptions,,,,7,3,lengthening,-0.0283,,8.5
2026-10-08T20:01:15Z,football_nfl,32678,2026-10-09T00:15:00Z,4.23,player_receptions,Kavontae Turpin,Over,,0.5,0.5,13,3,lengthening,-0.0278,0.0,8.4
2026-10-08T20:01:15Z,football_nfl,32678,2026-10-09T00:15:00Z,4.23,player_reception_yds,CeeDee Lamb,110+ Receiving Yards,,,,6,3,shortening,0.0279,,8.4
2026-10-08T20:01:15Z,football_nfl,32678,2026-10-09T00:15:00Z,4.23,player_reception_yds,Chris Godwin,15+ Receiving Yards,,,,3,3,shortening,0.028,,8.4
2026-10-08T20:01:15Z,football_nfl,32678,2026-10-09T00:15:00Z,4.23,player_reception_yds,George Pickens,60+ Receiving Yards,,,,7,3,shortening,0.0279,,8.4
2026-10-08T20:01:15Z,football_nfl,32678,2026-10-09T00:15:00Z,4.23,player_receptions,CeeDee Lamb,5+ Receptions,,,,7,3,shortening,0.0278,,8.3
2026-10-08T20:01:15Z,football_nfl,32678,2026-10-09T00:15:00Z,4.23,player_receptions,Emeka Egbuka,5+ Receptions,,,,7,3,shortening,0.0266,,8.0
2026-10-08T20:01:15Z,football_nfl,32678,2026-10-09T00:15:00Z,4.23,player_pass_tds,Dak Prescott,3+ Passing Touchdowns,,,,7,3,shortening,0.0242,,7.2
2026-10-08T20:01:15Z,football_nfl,32678,2026-10-09T00:15:00Z,4.23,player_receptions,CeeDee Lamb,10+ Receptions,,,,7,3,shortening,0.0217,,6.5
2026-10-08T22:34:06Z,football_nfl,32678,2026-10-09T00:15:00Z,1.68,player_pass_yds,Dak Prescott,Over,,268.5,270.5,15,14,point_up,0.0,2.57,100.0
2026-10-08T22:34:06Z,football_nfl,32678,2026-10-09T00:15:00Z,1.68,player_pass_yds,Dak Prescott,Under,,268.5,270.5,15,14,point_up,0.0,2.57,100.0
2026-10-08T22:34:06Z,football_nfl,32678,2026-10-09T00:15:00Z,1.68,player_pass_yds,Jalon Daniels,Over,,184.5,181.0,9,6,point_down,0.0,-6.17,100.0
2026-10-08T22:34:06Z,football_nfl,32678,2026-10-09T00:15:00Z,1.68,player_pass_yds,Jalon Daniels,Under,,184.5,181.0,9,6,point_down,0.0,-6.17,100.0
2026-10-08T22:34:06Z,football_nfl,32678,2026-10-09T00:15:00Z,1.68,player_reception_yds,Tez Johnson,Over,,13.5,12.5,11,10,point_down,0.0,-1.0,100.0
2026-10-08T22:34:06Z,football_nfl,32678,2026-10-09T00:15:00Z,1.68,player_reception_yds,Tez Johnson,Under,,13.5,12.5,11,10,point_down,0.0,-1.0,100.0
2026-10-08T22:34:06Z,football_nfl,32678,2026-10-09T00:15:00Z,1.68,player_reception_yds,Ryan Flournoy,Over,,31.5,30.5,8,6,point_down,0.0,-2.17,100.0
2026-10-08T22:34:06Z,football_nfl,32678,2026-10-09T00:15:00Z,1.68,player_reception_yds,Ryan Flournoy,Under,,31.5,30.5,8,6,point_down,0.0,-2.17,100.0
2026-10-08T22:34:06Z,football_nfl,32678,2026-10-09T00:15:00Z,1.68,player_reception_yds,Chris Godwin Jr.,Over,,30.5,33.5,6,6,point_up,0.0,3.5,100.0
2026-10-08T22:34:06Z,football_nfl,32678,2026-10-09T00:15:00Z,1.68,player_reception_yds,Chris Godwin Jr.,Under,,30.5,33.5,6,6,point_up,0.0,3.5,100.0
2026-10-08T22:34:06Z,football_nfl,32678,2026-10-09T00:15:00Z,1.68,player_reception_yds,CeeDee Lamb,Over,,83.0,85.0,14,12,point_up,0.0,2.25,100.0
2026-10-08T22:34:06Z,football_nfl,32678,2026-10-09T00:15:00Z,1.68,player_reception_yds,CeeDee Lamb,Under,,83.0,85.0,14,12,point_up,0.0,2.25,100.0
2026-10-08T22:34:06Z,football_nfl,32678,2026-10-09T00:15:00Z,1.68,player_reception_yds,Brevyn Spann-Ford,Over,,2.5,3.5,10,9,point_up,0.0,2.33,100.0
2026-10-08T22:34:06Z,football_nfl,32678,2026-10-09T00:15:00Z,1.68,player_reception_yds,Brevyn Spann-Ford,Under,,2.5,3.5,10,9,point_up,0.0,2.33,100.0
2026-10-08T22:34:06Z,football_nfl,32678,2026-10-09T00:15:00Z,1.68,player_reception_yds,Bucky Irving,Over,,12.5,13.5,9,6,point_up,0.0,1.17,100.0
2026-10-08T22:34:06Z,football_nfl,32678,2026-10-09T00:15:00Z,1.68,player_reception_yds,Bucky Irving,Under,,12.5,13.5,9,6,point_up,0.0,1.17,100.0
2026-10-08T22:34:06Z,football_nfl,32678,2026-10-09T00:15:00Z,1.68,player_reception_yds,Cade Otton,Over,,30.5,29.5,11,7,point_down,0.0,-2.43,100.0
2026-10-08T22:34:06Z,football_nfl,32678,2026-10-09T00:15:00Z,1.68,player_reception_yds,Cade Otton,Under,,30.5,29.5,11,7,point_down,0.0,-2.43,100.0
2026-10-08T22:34:06Z,football_nfl,32678,2026-10-09T00:15:00Z,1.68,player_reception_yds,Chris Godwin,Over,,29.5,32.0,10,10,point_up,0.0,2.9,100.0
2026-10-08T22:34:06Z,football_nfl,32678,2026-10-09T00:15:00Z,1.68,player_reception_yds,Chris Godwin,Under,,29.5,32.0,10,10,point_up,0.0,2.9,100.0
2026-10-08T22:34:06Z,football_nfl,32678,2026-10-09T00:15:00Z,1.68,player_reception_yds,Emeka Egbuka,Over,,35.5,36.5,7,5,point_up,0.0,2.0,100.0
2026-10-08T22:34:06Z,football_nfl,32678,2026-10-09T00:15:00Z,1.68,player_reception_yds,Emeka Egbuka,Under,,35.5,36.5,7,5,point_up,0.0,2.0,100.0
2026-10-08T22:34:06Z,football_nfl,32678,2026-10-09T00:15:00Z,1.68,player_reception_yds,George Pickens,Over,,63.5,65.5,13,13,point_up,0.0,2.31,100.0
2026-10-08T22:34:06Z,football_nfl,32678,2026-10-09T00:15:00Z,1.68,player_reception_yds,George Pickens,Under,,63.5,65.5,13,13,point_up,0.0,2.31,100.0
2026-10-08T22:34:06Z,football_nfl,32678,2026-10-09T00:15:00Z,1.68,player_reception_yds,Ted Hurst,Over,,20.5,16.5,10,10,point_down,0.0,-4.1,100.0
2026-10-08T22:34:06Z,football_nfl,32678,2026-10-09T00:15:00Z,1.68,player_reception_yds,Ted Hurst,Under,,20.5,16.5,10,10,point_down,0.0,-4.1,100.0
2026-10-08T22:34:06Z,football_nfl,32678,2026-10-09T00:15:00Z,1.68,player_reception_yds,Ted Hurst III,Over,,20.5,16.5,6,6,point_down,0.0,-4.33,100.0
2026-10-08T22:34:06Z,football_nfl,32678,2026-10-09T00:15:00Z,1.68,player_reception_yds,Ted Hurst III,Under,,20.5,16.5,6,6,point_down,0.0,-4.33,100.0
2026-10-08T22:34:06Z,football_nfl,32678,2026-10-09T00:15:00Z,1.68,player_receptions,Ted Hurst,Over,,1.5,1.5,14,14,lengthening,-0.0583,0.0,81.7
2026-10-08T22:34:06Z,football_nfl,32678,2026-10-09T00:15:00Z,1.68,player_receptions,Ted Hurst,Under,,1.5,1.5,13,13,shortening,0.056,0.0,72.7
2026-10-08T22:34:06Z,football_nfl,32678,2026-10-09T00:15:00Z,1.68,player_pass_completions,Jalon Daniels,Over,,17.5,18.5,4,4,point_up,0.0,1.0,60.0
2026-10-08T22:34:06Z,football_nfl,32678,2026-10-09T00:15:00Z,1.68,player_pass_completions,Jalon Daniels,Under,,17.5,18.5,4,4,point_up,0.0,1.0,60.0
2026-10-08T22:34:06Z,football_nfl,32678,2026-10-09T00:15:00Z,1.68,player_reception_yds,Jake Ferguson,Over,,26.5,27.5,4,3,point_up,0.0,1.33,60.0
2026-10-08T22:34:06Z,football_nfl,32678,2026-10-09T00:15:00Z,1.68,player_reception_yds,Jake Ferguson,Under,,26.5,27.5,4,3,point_up,0.0,1.33,60.0
2026-10-08T22:34:06Z,football_nfl,32678,2026-10-09T00:15:00Z,1.68,player_reception_yds,Javonte Williams,Over,,13.5,14.5,3,3,point_up,0.0,1.0,45.0
2026-10-08T22:34:06Z,football_nfl,32678,2026-10-09T00:15:00Z,1.68,player_reception_yds,Javonte Williams,Under,,13.5,14.5,3,3,point_up,0.0,1.0,45.0
2026-10-08T22:34:06Z,football_nfl,32678,2026-10-09T00:15:00Z,1.68,player_receptions,Chris Godwin,Over,,3.5,3.5,15,10,shortening,0.0349,0.0,34.9
2026-10-08T22:34:06Z,football_nfl,32678,2026-10-09T00:15:00Z,1.68,player_receptions,Chris Godwin,Under,,3.5,3.5,14,9,lengthening,-0.0361,0.0,32.5
2026-10-08T22:34:06Z,football_nfl,32678,2026-10-09T00:15:00Z,1.68,player_receptions,Ted Hurst III,Under,,1.5,1.5,6,5,shortening,0.064,0.0,32.0
2026-10-08T22:34:06Z,football_nfl,32678,2026-10-09T00:15:00Z,1.68,player_receptions,Ted Hurst III,Over,,1.5,1.5,6,5,lengthening,-0.0638,0.0,31.9
2026-10-08T22:34:06Z,football_nfl,32678,2026-10-09T00:15:00Z,1.68,player_reception_yds,Chris Godwin,50+ Receiving Yards,,,,8,5,shortening,0.0553,,27.6
2026-10-08T22:34:06Z,football_nfl,32678,2026-10-09T00:15:00Z,1.68,player_reception_yds,Chris Godwin,40+ Receiving Yards,,,,7,4,shortening,0.0678,,27.1
2026-10-08T22:34:06Z,football_nfl,32678,2026-10-09T00:15:00Z,1.68,player_reception_yds,Ted Hurst,20+ Receiving Yards,,,,5,4,lengthening,-0.0661,,26.5
2026-10-08T22:34:06Z,football_nfl,32678,2026-10-09T00:15:00Z,1.68,player_reception_yds,Ted Hurst,25+ Receiving Yards,,,,4,4,lengthening,-0.064,,25.6
2026-10-08T22:34:06Z,football_nfl,32678,2026-10-09T00:15:00Z,1.68,player_reception_yds,Chris Godwin,Over,,29.5,29.5,7,3,shortening,0.0845,0.0,25.3
2026-10-08T22:34:06Z,football_nfl,32678,2026-10-09T00:15:00Z,1.68,player_reception_yds,Ted Hurst,40+ Receiving Yards,,,,5,5,lengthening,-0.0487,,24.3
2026-10-08T22:34:06Z,football_nfl,32678,2026-10-09T00:15:00Z,1.68,player_reception_yds,Chris Godwin,25+ Receiving Yards,,,,6,4,shortening,0.06,,24.0
2026-10-08T22:34:06Z,football_nfl,32678,2026-10-09T00:15:00Z,1.68,player_reception_yds,Ted Hurst,30+ Receiving Yards,,,,4,4,lengthening,-0.057,,22.8
2026-10-08T22:34:06Z,football_nfl,32678,2026-10-09T00:15:00Z,1.68,player_reception_yds,Chris Godwin,60+ Receiving Yards,,,,7,4,shortening,0.0556,,22.3
2026-10-08T22:34:06Z,football_nfl,32678,2026-10-09T00:15:00Z,1.68,player_reception_yds,Chris Godwin,30+ Receiving Yards,,,,7,3,shortening,0.0682,,20.5
2026-10-08T22:34:06Z,football_nfl,32678,2026-10-09T00:15:00Z,1.68,player_reception_yds,George Pickens,Under,,64.5,64.5,7,4,lengthening,-0.0493,0.0,19.7
2026-10-08T22:34:06Z,football_nfl,32678,2026-10-09T00:15:00Z,1.68,player_reception_yds,Ted Hurst,50+ Receiving Yards,,,,6,6,lengthening,-0.0324,,19.4
2026-10-08T22:34:06Z,football_nfl,32678,2026-10-09T00:15:00Z,1.68,player_receptions,Ted Hurst,3+ Receptions,,,,4,4,lengthening,-0.044,,17.6
2026-10-08T22:34:06Z,football_nfl,32678,2026-10-09T00:15:00Z,1.68,player_reception_yds,Ted Hurst,10+ Receiving Yards,,,,3,3,lengthening,-0.0582,,17.5
2026-10-08T22:34:06Z,football_nfl,32678,2026-10-09T00:15:00Z,1.68,player_receptions,Ted Hurst,2+ Receptions,,,,3,3,lengthening,-0.0565,,17.0
2026-10-08T22:34:06Z,football_nfl,32678,2026-10-09T00:15:00Z,1.68,player_reception_yds,Chris Godwin,20+ Receiving Yards,,,,6,3,shortening,0.0562,,16.9
2026-10-08T22:34:06Z,football_nfl,32678,2026-10-09T00:15:00Z,1.68,player_reception_yds,Chris Godwin,70+ Receiving Yards,,,,6,4,shortening,0.0418,,16.7
2026-10-08T22:34:06Z,football_nfl,32678,2026-10-09T00:15:00Z,1.68,player_receptions,George Pickens,Under,,4.5,4.5,21,6,lengthening,-0.0272,0.0,16.3
2026-10-08T22:34:06Z,football_nfl,32678,2026-10-09T00:15:00Z,1.68,player_receptions,Chris Godwin,5+ Receptions,,,,6,5,shortening,0.0317,,15.9
2026-10-08T22:34:06Z,football_nfl,32678,2026-10-09T00:15:00Z,1.68,player_receptions,George Pickens,Over,,4.5,4.5,22,5,shortening,0.0282,0.0,14.1
2026-10-08T22:34:06Z,football_nfl,32678,2026-10-09T00:15:00Z,1.68,player_receptions,Chris Godwin Jr.,Over,,3.5,3.5,7,3,shortening,0.0467,0.0,14.0
2026-10-08T22:34:06Z,football_nfl,32678,2026-10-09T00:15:00Z,1.68,player_receptions,CeeDee Lamb,Under,,6.5,6.5,21,3,lengthening,-0.0463,0.0,13.9
2026-10-08T22:34:06Z,football_nfl,32678,2026-10-09T00:15:00Z,1.68,player_receptions,Chris Godwin,6+ Receptions,,,,6,5,shortening,0.0278,,13.9
2026-10-08T22:34:06Z,football_nfl,32678,2026-10-09T00:15:00Z,1.68,player_reception_yds,Chris Godwin,80+ Receiving Yards,,,,6,4,shortening,0.0348,,13.9
2026-10-08T22:34:06Z,football_nfl,32678,2026-10-09T00:15:00Z,1.68,player_receptions,Chris Godwin,4+ Receptions,,,,6,4,shortening,0.0333,,13.3
2026-10-08T22:34:06Z,football_nfl,32678,2026-10-09T00:15:00Z,1.68,player_receptions,Chris Godwin Jr.,Under,,3.5,3.5,7,3,lengthening,-0.0438,0.0,13.1
2026-10-08T22:34:06Z,football_nfl,32678,2026-10-09T00:15:00Z,1.68,player_receptions,Kenneth Gainwell,Over,,1.5,1.5,16,5,lengthening,-0.026,0.0,13.0
2026-10-08T22:34:06Z,football_nfl,32678,2026-10-09T00:15:00Z,1.68,player_receptions,CeeDee Lamb,Over,,6.5,6.5,22,3,shortening,0.0426,0.0,12.8
2026-10-08T22:34:06Z,football_nfl,32678,2026-10-09T00:15:00Z,1.68,player_receptions,Emeka Egbuka,Under,,3.5,3.5,17,5,lengthening,-0.0249,0.0,12.5
2026-10-08T22:34:06Z,football_nfl,32678,2026-10-09T00:15:00Z,1.68,player_receptions,Emeka Egbuka,Over,,3.5,3.5,18,5,shortening,0.0246,0.0,12.3
2026-10-08T22:34:06Z,football_nfl,32678,2026-10-09T00:15:00Z,1.68,player_receptions,Kenneth Gainwell,Under,,1.5,1.5,16,4,shortening,0.0285,0.0,11.4
2026-10-08T22:34:06Z,football_nfl,32678,2026-10-09T00:15:00Z,1.68,player_receptions,Chris Godwin,3+ Receptions,,,,6,4,shortening,0.0271,,10.8
2026-10-08T22:34:06Z,football_nfl,32678,2026-10-09T00:15:00Z,1.68,player_receptions,Brevyn Spann-Ford,Under,,0.5,0.5,11,3,lengthening,-0.0318,0.0,9.5
2026-10-08T22:34:06Z,football_nfl,32678,2026-10-09T00:15:00Z,1.68,player_receptions,Ryan Flournoy,3+ Receptions,,,,7,3,lengthening,-0.0295,,8.8
2026-10-08T22:34:06Z,football_nfl,32678,2026-10-09T00:15:00Z,1.68,player_pass_tds,Dak Prescott,Under,,2.5,2.5,19,3,lengthening,-0.0272,0.0,8.2
2026-10-08T22:34:06Z,football_nfl,32678,2026-10-09T00:15:00Z,1.68,player_receptions,KaVontae Turpin,Over,,0.5,0.5,13,3,lengthening,-0.0273,0.0,8.2
2026-10-08T22:34:06Z,football_nfl,32678,2026-10-09T00:15:00Z,1.68,player_reception_yds,Ted Hurst,60+ Receiving Yards,,,,4,3,lengthening,-0.0274,,8.2
2026-10-08T22:34:06Z,football_nfl,32678,2026-10-09T00:15:00Z,1.68,player_reception_yds,Bucky Irving,10+ Receiving Yards,,,,4,3,shortening,0.0269,,8.1
2026-10-08T22:34:06Z,football_nfl,32678,2026-10-09T00:15:00Z,1.68,player_reception_yds,George Pickens,50+ Receiving Yards,,,,9,3,shortening,0.0246,,7.4
2026-10-08T22:34:06Z,football_nfl,32678,2026-10-09T00:15:00Z,1.68,player_reception_yds,George Pickens,80+ Receiving Yards,,,,8,3,shortening,0.0239,,7.2
2026-10-08T22:34:06Z,football_nfl,32678,2026-10-09T00:15:00Z,1.68,player_receptions,Bucky Irving,3+ Receptions,,,,6,3,lengthening,-0.0234,,7.0
2026-10-08T22:34:06Z,football_nfl,32678,2026-10-09T00:15:00Z,1.68,player_reception_yds,George Pickens,Over,,64.5,64.5,7,3,shortening,0.0205,0.0,6.1
